Unnamed: 0.1,Unnamed: 0,smiles,ex1,ex2,ex3,ex4,ex5,ex6,ex7,ex8,ex9,ex10,ex11,ex12,ex13,ex14,ex15,ex16,ex17,ex18,ex19,ex20,ex21,ex22,ex23,ex24,ex25,ex26,ex27,ex28,ex29,ex30,ex31,ex32,ex33,ex34,ex35,ex36,ex37,ex38,ex39,ex40,ex41,ex42,ex43,ex44,ex45,ex46,ex47,ex48,ex49,ex50,prob1,prob2,prob3,prob4,prob5,prob6,prob7,prob8,prob9,prob10,prob11,prob12,prob13,prob14,prob15,prob16,prob17,prob18,prob19,prob20,prob21,prob22,prob23,prob24,prob25,prob26,prob27,prob28,prob29,prob30,prob31,prob32,prob33,prob34,prob35,prob36,prob37,prob38,prob39,prob40,prob41,prob42,prob43,prob44,prob45,prob46,prob47,prob48,prob49,prob50,pc1,pc2,pc3,pc4,pc5,cluster
3322080,3322080,COCCOc1ccc(NCC(C)(C)c2ccc(SC)c(F)c2)cc1C,3.047,3.374,3.963,4.218,4.294,4.49,4.575,4.592,4.623,4.803,4.82,4.941,4.96,5.142,5.186,5.337,5.347,5.386,5.417,5.53,5.618,5.621,5.671,5.715,5.723,5.823,5.91,5.988,5.998,6.022,6.046,6.109,6.138,6.192,6.239,6.242,6.305,6.321,6.334,6.387,6.433,6.473,6.486,6.523,6.582,6.609,6.616,6.642,6.672,6.683,0.01143733,0.00166581,0.03454194,0.02703553,0.03144983,0.01347346,0.00058403,0.00108713,0.00235978,0.00256405,0.0126887,0.15555671,0.01602643,0.01459877,0.03250777,0.00451892,0.00083967,0.00061214,0.02191262,0.00154528,0.00453408,0.0002582,0.00022058,0.002459,0.00149402,0.00138622,0.03788781,0.01176262,0.00242378,0.00489823,0.07823418,0.00777625,0.00042405,0.00876777,0.01709633,0.01069219,0.00913274,0.03705902,0.16042521,0.22818273,0.00548333,0.00050002,0.04314646,0.32814071,0.00348027,0.00573856,0.00239707,0.01842854,0.01447791,0.07769564,-1923436.9999993292,1.6594338208030568,0.0040407966814779,-0.2689862615499998,-0.183093032864219,0
1461786,1461786,CCOC(=O)c1sc(C2CCN(C(=O)c3cn(C)nc3CC)CC2)nc1CC,2.686,3.099,3.398,3.527,3.878,4.227,4.25,4.28,4.479,4.49,4.664,4.852,4.933,4.965,5.032,5.06,5.078,5.176,5.182,5.365,5.378,5.408,5.454,5.47,5.509,5.546,5.601,5.604,5.62,5.633,5.646,5.787,5.796,5.828,5.856,5.857,5.869,5.911,5.925,6.01,6.016,6.049,6.063,6.205,6.206,6.209,6.313,6.342,6.349,6.439,0.00083138,0.00227792,4.745e-05,0.00063294,0.0008958,0.00145195,0.19272352,0.00186104,0.00020365,0.00870902,0.00014328,0.01308707,0.006195,0.00023491,0.09036982,0.00053749,0.00704497,0.00035234,4.044e-05,0.00030326,0.00031288,7.856e-05,0.04696191,0.06504514,0.01328688,0.0039871,0.00039529,0.00536946,0.01311654,0.03065223,0.00826988,0.00789758,0.00456509,0.00558593,0.00015449,0.00089624,0.00028543,0.00067529,0.03232289,0.00484535,0.03933495,0.001522,0.01204723,4.997e-05,0.00103204,0.00287154,0.00744993,0.09536527,0.09599902,8.438e-05,-3783730.999998681,-0.5392813999603316,0.2823223075264929,-0.8003906909915127,-0.2278521657256987,2
9154810,9154810,CSc1cc(Oc2ccccc2)ccc1COC(=O)c1ncccc1F,2.95,3.184,3.21,3.633,3.844,4.045,4.075,4.077,4.08,4.103,4.148,4.178,4.252,4.335,4.345,4.46,4.488,4.522,4.552,4.558,4.59,4.613,4.64,4.774,4.788,4.867,4.936,4.951,4.969,4.992,4.998,5.012,5.034,5.068,5.072,5.111,5.118,5.136,5.253,5.305,5.313,5.326,5.34,5.366,5.38,5.394,5.402,5.489,5.508,5.51,1.295e-05,0.00036004,0.00029972,0.00132283,1.16e-06,0.00023899,2.199e-05,2.764e-05,0.01658281,3.979e-05,0.0037742,0.00047674,0.01476497,0.01111773,0.01303421,0.09110103,0.00265227,0.00111156,0.03739272,0.00456142,0.11378827,0.07444498,0.04185904,5.293e-05,0.01757149,0.03019453,0.00031824,0.00554153,4.1e-07,0.00815594,0.02160052,0.00259973,0.00052264,0.0041363,0.01192991,4.451e-05,0.00014692,0.00485233,0.00102433,0.00236913,0.02409802,0.00346427,0.02194401,0.02013258,0.00028389,0.00030249,0.0006521,0.00316811,0.0025418,0.00122097,3909292.9999986375,-5.017044648121308,-0.8816326771330295,-0.2487328324505534,-0.2832583818455934,1
8864104,8864104,CC(=O)OCC(C)(C)C(=O)NCCN(C)CNC(=O)CCc1ccccc1C,4.089,4.113,4.405,4.547,4.561,4.571,4.827,4.847,4.852,4.865,4.872,5.022,5.129,5.145,5.167,5.289,5.304,5.314,5.322,5.323,5.393,5.468,5.477,5.504,5.528,5.552,5.609,5.706,5.762,5.822,5.933,6.121,6.144,6.146,6.161,6.185,6.244,6.265,6.296,6.411,6.437,6.455,6.559,6.561,6.59,6.594,6.633,6.713,6.763,6.787,0.00092013,0.00022732,1.592e-05,0.00019466,0.00049882,4.717e-05,5.41e-05,7.01e-06,8.234e-05,0.00056117,3.688e-05,0.00072649,0.00232156,0.00032591,0.0005976,9e-08,0.00064041,1e-08,2.02e-06,0.00082051,0.00011205,0.02435726,1.205e-05,4.428e-05,3.793e-05,5e-07,0.00011354,9.4e-07,0.00025646,9.67e-05,0.00378572,0.00234928,0.00028948,0.00010506,1.507e-05,1.014e-05,0.00258978,0.00404175,0.05212826,0.24031486,5.237e-05,0.43353155,2.48e-06,0.05875314,0.0008767,1.507e-05,0.00976234,0.00032155,0.00396055,0.00963309,3618586.9999987376,1.6739487010450909,-1.2097733368174548,0.6699220618260535,-0.3672074618666722,1
3595457,3595457,CC(=O)Nc1ccc(CC(=O)Nc2cc(C(=O)NCC3CC3)ccc2C)cn1,3.208,3.249,3.382,3.644,3.812,3.823,3.848,3.902,3.929,3.939,3.992,4.011,4.117,4.121,4.147,4.225,4.278,4.297,4.312,4.384,4.613,4.68,4.703,4.747,4.774,4.826,4.861,4.869,4.907,4.965,4.996,5.032,5.099,5.169,5.181,5.377,5.383,5.429,5.438,5.46,5.514,5.525,5.54,5.557,5.567,5.648,5.652,5.663,5.69,5.7,4.387e-05,0.00036985,0.00065188,0.0004182,0.0004667,0.0020578,1.483e-05,3.117e-05,0.00247319,0.00509414,0.01886012,0.00066261,0.06075429,0.03141917,0.01177955,0.00274007,0.02173983,0.01505575,0.00786192,0.01824862,0.02266152,0.00089072,0.06846709,0.00318517,0.00079466,0.08813641,0.00030615,0.02037815,0.00952394,8.399e-05,7.141e-05,0.00268822,0.38353044,0.00016247,0.00529643,0.12827558,0.1229731,0.00177959,0.07365654,0.06349047,0.05657991,0.00294579,0.0034531,0.00670369,0.00427783,0.02255944,0.01663208,0.00544067,0.00043151,0.00038144,-1650059.999999423,-4.813791867088756,-0.3908966437356276,0.6971124705219764,-0.1696621923291245,0
438828,438828,CC(C)Cc1nnc(NC(=O)CN2CCc3ccc(F)c(F)c3C2)o1,3.689,3.906,3.986,4.215,4.244,4.801,4.81,4.878,4.93,5.064,5.114,5.155,5.301,5.341,5.343,5.352,5.369,5.597,5.647,5.778,5.87,5.892,5.946,6.001,6.045,6.071,6.081,6.132,6.171,6.186,6.197,6.258,6.266,6.329,6.355,6.395,6.416,6.44,6.465,6.486,6.504,6.575,6.621,6.627,6.666,6.687,6.71,6.711,6.757,6.827,0.00840051,2.78e-05,0.00405014,1.932e-05,0.01682468,0.00732075,0.00688136,0.01210216,0.27357438,0.00011406,0.00024661,0.00584171,0.00472792,0.00072457,0.00011341,0.00123865,0.00123747,0.00428205,0.00021352,0.0068535,0.00245741,0.00090015,0.00375655,0.21158843,0.08181274,0.12519001,0.07164932,0.00019736,0.07885237,0.000749,0.15439958,0.00667894,0.00049203,0.06201252,0.02582513,0.00224475,0.00060146,3.323e-05,0.00048484,0.00011469,0.00413635,0.0009678,0.02092077,0.02325418,0.04185455,0.00583929,0.00249015,0.00187719,0.00665398,0.00811857,-4806688.999998325,2.865523243196604,-0.5770561172070428,-0.3474524945046623,0.1032046182064074,2
9187355,9187355,O=C(Cc1cc(F)cc2c1OCOC2)OCCC(=O)N1CCN(S(=O)(=O)c2ccccc2)CC1,2.761,2.878,3.072,3.228,3.256,3.325,3.345,3.53,3.591,3.723,3.762,3.802,3.888,4.016,4.105,4.12,4.201,4.269,4.316,4.49,4.535,4.572,4.646,4.668,4.732,4.787,4.838,4.885,4.942,4.949,4.955,4.992,5.019,5.035,5.099,5.151,5.158,5.175,5.199,5.212,5.212,5.263,5.295,5.306,5.309,5.333,5.375,5.427,5.433,5.457,1.5e-06,1.4e-07,0.00471039,9.7e-07,1.747e-05,0.00569683,0.0,1.371e-05,0.00107862,4.8e-07,5.49e-05,1e-08,7.41e-06,0.07802194,4.6e-07,7.419e-05,3.6e-07,0.0,0.02353183,0.00065122,0.01628343,3.2e-07,0.00142685,1e-08,6e-08,6.48e-06,0.00010608,0.02275359,0.00187494,0.00016185,2.83e-06,5.86e-06,1.181e-05,0.02152192,0.00287401,0.00255712,0.00034812,0.0156237,0.0,0.00111689,0.0128284,0.00025052,0.0023485,0.0015689,0.0005312,1.942e-05,0.0001213,4.772e-05,0.06446404,4.103e-05,3941837.9999986263,-6.085441765647646,0.3014444530857769,0.1007098240849887,0.4265657174150741,1
2271096,2271096,CCOc1nc2cc(CNS(=O)(=O)c3ccc(C(F)(F)F)cc3)cnc2[nH]1,2.428,2.91,2.928,3.178,3.401,3.41,3.673,3.899,4.172,4.254,4.369,4.42,4.544,4.672,4.719,4.731,4.804,4.82,4.871,4.896,5.045,5.074,5.097,5.238,5.24,5.258,5.267,5.321,5.37,5.387,5.466,5.587,5.594,5.596,5.63,5.662,5.682,5.721,5.738,5.757,5.79,5.858,5.883,5.912,5.914,6.082,6.147,6.16,6.169,6.194,0.00251654,0.0017998,6.3e-06,0.00662822,0.00042695,2.197e-05,2.987e-05,0.00044706,0.00221878,0.02437354,0.00211443,0.24235285,0.00022325,0.00012785,0.00013479,0.00762485,0.00234328,0.00080297,0.00741439,0.0005934,3.135e-05,0.00332942,0.00213702,0.00550807,0.00486914,0.01300553,0.01621679,0.00029633,0.00499742,0.0080818,0.05934567,0.04955342,0.00125581,0.00418451,0.00220114,0.00088348,0.02603422,0.15829114,0.00252951,0.00015927,5.838e-05,0.04462919,0.00383909,0.21811268,0.03624866,0.00076789,0.00039933,0.0009713,0.00990174,0.01290102,-2974420.9999989606,-2.510962345639096,1.0472810346953343,-0.5431227136086271,-0.0442616260039411,0
5187167,5187167,CSCC(C)NC(=O)c1nnc(N2CCCN(C3CCCC3)CC2)n1CC(=O)Nc1ccccc1,3.491,3.632,3.717,3.825,3.859,3.89,3.966,3.996,4.058,4.063,4.205,4.34,4.344,4.463,4.481,4.495,4.581,4.604,4.625,4.637,4.762,4.841,4.892,4.932,4.988,5.078,5.119,5.216,5.228,5.454,5.458,5.465,5.51,5.595,5.625,5.642,5.7,5.713,5.742,5.767,5.783,5.827,5.842,5.848,5.854,5.858,5.864,5.869,5.897,5.94,0.00066106,1.551e-05,5.934e-05,0.00034666,4.62e-06,0.03957065,1.102e-05,0.05061024,0.00064936,0.00010584,2.45e-06,0.00019586,0.01022399,0.00055028,4.03e-06,0.00034747,0.00047015,6.971e-05,0.04967378,0.00021137,0.01479692,0.06459396,0.00748945,0.03871033,0.26887354,0.00038178,0.00016342,0.0778544,0.00575519,0.0001257,2.355e-05,0.00060943,0.15410976,2.037e-05,0.00042078,3.91e-06,0.00673225,0.05545071,0.00067636,0.00123233,0.00015265,0.00890535,0.00468634,0.00013896,0.00146208,0.04081712,0.00425996,0.00674272,0.0011475,0.05291584,-58349.99999997846,-2.9077530876152,-0.4363438697526604,0.7643411366401199,0.1756854264313005,4
1193574,1193574,CC=C(C)C(=O)N1CCN(c2cccnc2N(CCO)C(=O)C2(C(N)=O)CC2)CC1,3.343,3.606,3.636,3.768,3.794,3.997,4.06,4.094,4.143,4.176,4.214,4.293,4.463,4.516,4.532,4.584,4.593,4.632,4.671,4.719,4.754,4.885,4.916,4.93,4.949,4.965,4.988,5.034,5.043,5.051,5.215,5.307,5.333,5.353,5.365,5.417,5.464,5.468,5.539,5.573,5.596,5.624,5.675,5.765,5.77,5.842,5.851,5.886,5.889,5.931,2.317e-05,0.02297814,0.00010811,0.00036797,0.00052307,0.04713785,6.228e-05,0.01076837,0.00434383,0.04636711,0.00075544,0.00174146,0.07439073,3.825e-05,0.00010678,0.00135112,0.00149365,0.00841015,0.00330475,0.02143978,9.933e-05,0.0005616,8.8e-07,0.01898657,0.0018301,0.00053336,0.02772371,0.02705687,0.00735496,4.9e-07,0.02460363,0.00417744,0.03135307,0.01105581,0.00367105,0.00031765,9.716e-05,0.00323631,0.0042519,0.00040222,0.00037509,0.00278917,0.00805316,0.00034991,9.75e-06,0.00731809,0.0002858,0.00704435,5.87e-05,0.00992471,-4051942.999998586,-3.433159795599729,-0.7375465438869439,0.3612662165477241,-0.1307909006716137,2
1872180,1872180,CC=C(NC1CCC(C2CCN(C(=O)C3CC3)CC2)CC1)C(C)=CC1CCCCC1,3.877,4.439,4.638,4.767,5.276,5.73,6.057,6.059,6.166,6.195,6.249,6.318,6.354,6.439,6.526,6.552,6.614,6.647,6.677,6.707,6.749,6.903,6.932,7.047,7.056,7.101,7.17,7.213,7.259,7.278,7.332,7.341,7.369,7.38,7.4,7.411,7.434,7.445,7.508,7.524,7.567,7.568,7.62,7.645,7.689,7.71,7.726,7.736,7.753,7.79,0.01095493,0.0,1.3e-07,5e-08,0.0007394,1.47e-06,0.01586155,0.03165916,0.17804762,0.27007276,4.2e-07,0.08410163,0.05014004,0.00982152,0.00224551,0.00865439,0.01961933,0.26669182,0.00284606,0.0007903,0.00106107,4.353e-05,0.16022486,0.01000779,1.901e-05,0.0057534,0.00010743,0.00079497,0.00156439,0.00183657,0.00019296,0.00038233,0.00443902,0.00794812,0.00214958,0.00084236,0.00183508,0.00861265,0.0143923,0.00741779,0.00423266,0.00090345,0.00861058,0.00266656,0.03346615,0.02187251,0.00561497,0.00935791,0.00716691,0.00280287,-3373336.9999988284,10.047592250016873,-1.0001358982465915,-1.2218577709790677,-0.4199933614314542,2
2216362,2216362,CC(=O)N1CCC(C(Cn2ncc3ccccc32)=NNc2ccncc2F)CC1,3.116,3.39,3.423,3.513,3.613,3.682,3.792,3.916,3.934,4.001,4.083,4.135,4.164,4.233,4.364,4.433,4.461,4.5,4.558,4.592,4.652,4.682,4.747,4.814,4.842,4.856,4.9,4.978,5.098,5.139,5.239,5.345,5.402,5.412,5.454,5.468,5.484,5.53,5.578,5.602,5.604,5.646,5.692,5.737,5.744,5.758,5.807,5.825,5.894,5.911,3.4e-05,0.00268072,0.00101354,0.0050347,4.833e-05,0.00150398,0.00222948,0.00547148,2.405e-05,0.05853394,0.01522154,0.0175739,0.01125251,0.00152336,0.00537248,6.594e-05,0.00017546,0.06902171,0.00070574,0.00643744,0.0006882,0.00331597,0.01238866,0.00707629,0.0917225,0.00217692,0.07185251,0.00784402,0.00034731,0.00020678,0.00259421,0.00018191,0.00473502,1.193e-05,0.00043919,0.00121155,0.03157978,0.00056698,0.0051864,0.00150825,0.0003573,0.00373826,0.00715312,0.03207603,0.00603366,0.05954175,0.09702897,0.01150699,0.04425912,0.00498888,-3029154.999998941,-3.969239299950453,-0.025964469143568,0.6031325585276859,-0.0226490293689581,0
4892071,4892071,Cc1cc(C)c(C)c(NCc2cn(C)cn2)c1,4.322,4.618,4.818,5.045,5.285,5.541,5.543,5.576,5.762,5.795,5.899,6.041,6.163,6.185,6.234,6.337,6.496,6.59,6.656,6.675,6.734,6.798,6.898,6.973,7.058,7.105,7.195,7.228,7.295,7.483,7.556,7.58,7.613,7.658,7.702,7.759,7.777,7.845,7.893,7.949,7.972,8.018,8.105,8.122,8.152,8.154,8.167,8.181,8.187,8.284,0.04272137,0.00010058,0.0002223,0.08520361,0.00067035,0.0003438,0.00050437,0.00050418,0.0079863,0.05810387,0.47443752,0.09551717,0.07198643,0.00214771,0.00181265,0.00183893,0.00119993,0.01764999,0.4127615,0.00481845,0.01139898,0.00268847,0.0368969,0.00031963,0.00053346,0.00015704,0.00115941,0.00132951,0.01110876,0.00144167,0.00513578,0.25787264,0.24382496,0.00264557,0.00056617,0.0009656,0.00862255,0.00061964,0.00051702,0.00016609,0.00119007,0.00067607,0.00932472,0.01756228,0.01237881,0.00228088,6.613e-05,0.00716818,0.00065188,0.00020689,-353445.9999998838,10.926554150282117,-0.0294727786556882,0.3854362709159801,-0.0239089981010313,4
797090,797090,C#CCOC1=CC=C(C(=O)Nc2ccc(C(=O)Nc3ccccc3OC)cc2)CC1,2.435,2.588,2.958,3.257,3.358,3.426,3.44,3.638,3.656,3.796,3.8,4.059,4.136,4.206,4.249,4.295,4.302,4.357,4.457,4.531,4.54,4.546,4.598,4.624,4.652,4.682,4.8,4.833,4.879,4.909,4.927,4.966,4.983,5.014,5.04,5.066,5.068,5.1,5.128,5.16,5.171,5.231,5.265,5.323,5.332,5.389,5.424,5.482,5.493,5.513,0.00900368,0.00289629,0.00179627,0.21945416,0.00070543,0.10569557,0.02169133,0.20317411,0.075118,0.00252692,0.05115715,0.17487897,0.00311738,0.00060219,0.00670401,0.00017918,0.01074731,0.25848818,0.00175354,0.00684327,0.00517059,0.00106644,0.02035165,0.01484811,0.0003086,1.4e-07,0.01712349,0.06877141,0.00029398,0.00021732,0.03564094,4.844e-05,0.03919359,0.00157175,0.00346535,0.00514474,0.00035181,0.00642082,0.00344187,0.03802648,0.00336995,0.00034298,0.00015776,0.00018627,0.00886791,0.03888271,0.0011914,0.00122372,0.0001988,0.00111971,-4448426.999998445,-6.024060590727843,0.3111315694808392,-0.3856380557574333,-0.0396992330519879,2
9557093,9557093,CCc1nccnc1NC1CCc2cc(O)ccc2C1,3.766,3.914,4.014,4.078,4.216,4.46,4.519,4.625,4.683,4.765,4.902,5.16,5.335,5.504,5.571,5.583,5.648,5.737,5.791,5.913,6.003,6.1,6.142,6.161,6.207,6.224,6.236,6.28,6.308,6.358,6.363,6.404,6.447,6.461,6.503,6.538,6.574,6.64,6.68,6.739,6.745,6.801,6.873,6.923,6.936,6.946,6.986,7.001,7.034,7.084,0.00257243,0.00061576,0.00337731,0.00015353,0.05213624,0.013931,0.00120402,0.00192659,0.05103412,0.00578716,0.00114782,0.25540353,0.0320137,0.00061531,0.00475886,0.02346618,0.00128609,0.0034148,0.02670013,0.0057294,0.02462597,0.02183576,0.00191371,0.2460299,0.00061206,0.014879,0.00725663,0.07857467,0.0233124,0.00238048,0.00766641,0.23303156,0.09570406,0.01565477,0.00592067,0.05232618,0.0146368,0.0309867,0.09956472,0.01042485,0.01011908,0.01920233,0.01178041,0.01552165,0.004537,0.00477193,0.01845451,0.01443043,0.02149584,0.00534664,4311575.999998493,3.785442555781019,0.1548101658713784,-0.1675667300967215,0.6100651232033151,1
286298,286298,CSc1nc2ccccc2c(C)c1NC(=O)N(CCNC(=O)C1CCC1)C1CC1,3.064,3.39,3.466,3.607,3.799,3.914,4.049,4.294,4.303,4.479,4.501,4.589,4.616,4.672,4.682,4.782,4.921,4.95,4.974,4.988,5.057,5.07,5.167,5.276,5.283,5.288,5.428,5.469,5.544,5.585,5.62,5.632,5.644,5.677,5.693,5.726,5.782,5.798,5.832,5.892,5.912,5.931,6.006,6.014,6.047,6.064,6.09,6.16,6.187,6.241,0.03056306,0.04658336,0.02297931,0.0226863,0.02317503,0.00114981,0.02813162,0.00110811,2.503e-05,0.07534418,0.0617356,0.03627895,0.00038556,0.0012901,0.06229337,0.00531761,0.00063381,0.02357954,0.04296933,0.00259752,0.2771729,0.13101718,0.01201717,0.04207656,0.00174922,0.00018804,0.00673597,0.00528309,0.02572507,0.00186164,0.04888574,0.14958152,0.07283349,1.216e-05,0.00926158,0.05968811,0.01493933,0.02084382,0.00032768,0.00172904,0.07277778,0.00183115,0.02023112,0.00239873,0.00337748,0.00044917,0.00064055,0.00078815,0.01401455,0.00254716,-4959218.999998268,-1.6263181379208125,0.0085459201805274,-0.1050604664905134,-0.0437821127313372,2
9481373,9481373,CC(C)c1c(C(=O)N(C)Cc2ncnn2CC(F)F)cnn1-c1ccc(C(N)(F)F)cn1,3.131,3.442,3.693,3.99,4.011,4.144,4.198,4.268,4.298,4.335,4.443,4.533,4.552,4.562,4.658,4.732,4.812,5.022,5.051,5.076,5.099,5.123,5.22,5.242,5.309,5.326,5.343,5.393,5.607,5.633,5.654,5.666,5.685,5.743,5.757,5.78,5.789,5.806,5.853,5.87,5.984,5.989,6.018,6.073,6.091,6.096,6.124,6.16,6.162,6.19,0.00448291,0.0002013,0.00249056,0.00756218,0.00385155,0.06549042,0.00017602,0.01070906,0.05443905,0.00255429,0.27233007,0.00136455,0.03138793,0.05310127,0.00286387,0.00899813,0.02477033,0.00012038,0.00027249,0.00309612,0.00172406,0.00367564,0.00075647,0.00601351,0.00604347,0.00147606,0.00027895,0.00845213,0.00223819,0.00040264,0.00297486,4.548e-05,0.00187799,8.476e-05,0.00019704,0.00097236,0.0039743,0.00555121,0.0044306,0.00613106,0.00073005,0.00104394,0.00068058,0.02210649,0.01329061,0.00295736,0.04023688,0.00152726,0.01348038,0.00582025,4235855.999998524,-1.4327474330432588,-0.2500617157018175,0.1577609354910947,-0.028437214867186,1
10054000,10054000,COc1ccc(-c2nnc(Nc3ccn(CCF)n3)n2Cc2cc(C)oc2C)cc1OC,3.337,3.566,3.69,4.303,4.347,4.391,4.433,4.586,4.614,4.635,4.688,4.734,4.778,4.801,4.842,4.859,4.926,5.066,5.085,5.099,5.132,5.147,5.174,5.237,5.297,5.361,5.373,5.379,5.4,5.52,5.526,5.533,5.601,5.636,5.669,5.675,5.721,5.74,5.765,5.805,5.822,5.845,5.903,5.929,5.954,6.008,6.035,6.047,6.131,6.156,0.13800541,0.07864994,0.00011913,0.03929417,0.11785525,0.01001135,0.0126884,0.00065034,0.00155191,0.01591403,0.03379599,0.00511548,0.00151576,0.0276103,0.00041003,0.00085979,0.0340849,0.00126772,0.00464586,0.014538,0.01710421,0.02792826,0.00290214,0.00599712,0.0018356,0.00445351,0.00039193,0.48460228,0.01429115,0.01129642,0.00021668,0.00132743,9.087e-05,0.00160277,0.00336974,0.00690464,0.11512468,0.08177465,0.10574242,0.06180221,0.04049916,0.00055621,0.11712691,0.00105599,0.00054448,0.02821555,0.02954899,0.00044996,0.06598448,0.00046014,4808482.999998324,-1.338420331395485,-1.1526584516795852,-0.2056472558236322,-0.3887674274543093,1
8509087,8509087,Cc1nnc(CN2CCC(CCN(C)C(=O)C3CCN3C(C)(F)F)C2)s1,3.5,3.532,3.878,4.556,4.579,5.001,5.067,5.103,5.194,5.245,5.277,5.424,5.545,5.591,5.618,5.642,5.683,5.921,5.967,6.05,6.09,6.112,6.21,6.27,6.283,6.293,6.305,6.371,6.444,6.472,6.548,6.639,6.645,6.681,6.727,6.734,6.771,6.795,6.82,6.915,7.018,7.077,7.077,7.117,7.128,7.182,7.215,7.249,7.263,7.271,0.01243706,0.00096347,8.731e-05,8.2e-07,1.906e-05,0.00044652,0.00021837,0.00329647,0.00868308,0.00048857,0.15423149,0.00800952,0.00647178,1.027e-05,0.00116787,0.01995883,0.00103632,0.0001711,9.251e-05,1.62e-05,0.00067299,3.02e-06,0.00028117,1.49e-06,0.00025921,3.242e-05,5.548e-05,0.0004565,0.00679329,0.18014468,0.0009008,0.00025382,1.12e-06,0.00033709,0.0050877,0.00091485,4.452e-05,0.00217041,4.998e-05,0.00029064,3.92e-06,0.00020856,0.01765909,0.01824533,0.00466988,0.01034919,0.00772383,0.00404656,0.01326004,0.00053258,3263569.999998862,5.08624421188993,0.039336548721677,-0.3907777062305565,-0.3912145168901882,1
1536647,1536647,CCCc1c(C(=S)Nc2cc(S(=O)(=O)N3CCCCCC3)ccc2OC)[nH]c(C)c1C(C)=O,2.391,2.477,2.589,2.973,3.099,3.164,3.268,3.551,3.635,3.656,3.753,3.763,3.861,3.887,3.891,3.958,3.974,4.08,4.144,4.179,4.24,4.246,4.367,4.382,4.407,4.466,4.469,4.55,4.595,4.71,4.833,4.853,4.87,4.877,4.886,4.93,4.943,5.005,5.046,5.053,5.077,5.081,5.092,5.108,5.199,5.219,5.25,5.281,5.31,5.318,0.00029846,2.234e-05,0.00634601,0.00391957,0.00585667,0.00029654,1.165e-05,0.00594384,0.19263858,0.00682888,0.00035305,0.07138209,0.00236947,0.06598644,0.00212553,0.00130302,0.00091993,0.00169446,0.00434469,3.954e-05,0.00016074,0.00044031,0.000838,0.00024458,0.00049088,0.00157633,0.02422341,0.00457048,0.04030694,0.04004044,0.00029696,0.00814919,0.00028321,0.00111374,0.00021063,0.00781323,0.01910152,0.00528012,0.01516975,0.00808284,5.88e-06,0.00999402,0.00707424,0.0002294,0.03377107,0.0001796,0.00473442,0.00327746,0.02168883,0.11207526,-3708869.999998704,-7.427567265593382,0.5918033403150357,-0.0541788110018472,-0.2013644101829381,2
9487345,9487345,O=c1[nH]c(CN2CCCN(Cc3cccnc3)CC2)nc2cc(-c3ccc(F)cc3)sc12,2.887,2.908,3.133,3.323,3.496,3.602,3.622,3.675,3.814,3.833,3.849,3.853,3.866,3.887,3.896,3.985,4.031,4.051,4.064,4.066,4.07,4.123,4.212,4.257,4.281,4.381,4.426,4.455,4.465,4.483,4.634,4.635,4.644,4.653,4.66,4.682,4.701,4.771,4.796,4.831,4.883,4.972,4.992,5.052,5.109,5.115,5.123,5.143,5.209,5.221,0.00040213,4.691e-05,0.00015274,0.08941487,6.92e-06,0.00010162,0.00012127,0.00297137,1.3e-06,0.00066673,3.141e-05,0.00031859,0.05247491,0.10335088,0.02179383,2.61e-06,8.53e-06,0.00037869,0.00012598,0.00025254,0.00072435,0.00401948,1e-07,0.50027134,0.00165972,0.00887747,1.932e-05,0.06259002,2.1e-07,5.02e-06,0.00076858,0.0001749,5.472e-05,0.00122817,0.00067922,1.065e-05,6.71e-06,0.00177416,0.00461133,0.00372777,0.00030932,7.143e-05,6.73e-06,0.00231252,3.317e-05,0.02608589,0.00138627,0.04863489,2.169e-05,0.07128439,4241827.999998522,-7.775513461955613,-0.7639050790003808,0.2151458505323356,-0.4619420327280383,1
8965123,8965123,Cc1ccc(NC2CCN(CCN(C)C)CC2)c(N(C)C)n1,4.033,4.091,4.403,4.545,4.574,4.67,4.762,4.938,5.194,5.334,5.969,6.344,6.465,6.579,6.706,6.853,6.866,6.944,6.999,7.032,7.079,7.156,7.199,7.241,7.244,7.297,7.318,7.36,7.396,7.458,7.511,7.522,7.568,7.608,7.657,7.69,7.715,7.733,7.773,7.799,7.803,7.859,7.919,7.936,7.959,8.044,8.049,8.134,8.146,8.191,0.01004229,0.07246847,0.00026997,0.00704672,0.00335853,0.1225564,0.0009587,0.00077364,0.1070375,0.09662646,0.04439182,0.02756885,0.13178637,0.02437757,0.00019014,0.0203863,0.07086293,0.10584147,0.07240004,0.00488507,0.11288384,0.00148935,0.00168181,0.0005989,0.00877459,0.12083998,0.01092456,0.0053864,0.0166903,0.01021925,0.00302634,0.00571121,0.00066413,0.00114774,0.01034953,0.00045071,0.003943,0.00086109,0.00080746,0.0022158,0.00469043,4.474e-05,0.01229981,0.01690734,0.00044197,0.00365537,0.00303777,0.00508858,0.00118875,0.00208932,3719605.9999986985,10.719972305357548,0.9717788566723898,-1.050888209117684,1.1559121472831495,1
7405631,7405631,Cc1cc(C(=O)N(C)CNC(=O)COc2cccnc2)oc1C,3.79,3.86,3.959,4.017,4.04,4.221,4.284,4.319,4.369,4.493,4.516,4.569,4.671,4.777,4.822,4.847,4.885,4.898,4.93,4.962,5.12,5.149,5.211,5.321,5.418,5.474,5.541,5.56,5.576,5.622,5.676,5.678,5.766,5.884,5.952,5.972,6.265,6.293,6.304,6.315,6.316,6.345,6.407,6.42,6.544,6.68,6.692,6.754,6.769,6.799,1.035e-05,0.0015104,0.00048715,0.0080236,5.202e-05,0.00269187,0.00476428,0.00010421,4.15e-06,0.00530733,0.00134077,0.00053202,0.19687062,0.02744708,0.09063704,0.01991584,0.00167527,0.00017335,0.01823892,0.00164035,0.00062785,1.81e-06,0.0024489,0.01765144,0.00223118,0.10615509,0.00146055,0.05977494,3.75e-05,0.01543355,0.0008489,0.00017751,0.00861463,0.0118211,1.17e-05,0.00255002,0.00401639,5.65e-06,0.00959833,0.03150132,0.00403217,0.01344672,0.05962443,0.00062897,0.17887971,0.00999844,0.00868365,0.14623821,0.0887475,0.00888984,2160113.9999992456,0.0809826755963133,-0.0668839287351876,1.2461828554643102,-0.2717356205824668,3
867771,867771,COc1ccc(F)cc1CC(=O)NCC(=O)Nc1cc(F)ccc1F,3.79,3.815,3.842,3.89,4.055,4.14,4.316,4.359,4.556,4.587,4.63,4.694,4.751,4.877,4.944,4.961,5.04,5.051,5.08,5.092,5.24,5.282,5.317,5.333,5.403,5.491,5.555,5.639,5.645,5.676,5.826,5.831,5.847,5.855,5.877,5.879,5.886,5.941,5.952,5.967,5.983,6.048,6.215,6.238,6.3,6.318,6.416,6.456,6.471,6.519,4.309e-05,0.00026901,0.00011478,0.00083102,0.03001795,0.00254319,0.02962089,0.16965615,0.00026316,0.00015817,0.00075201,0.00011843,0.00037839,0.00368446,0.02040023,0.07731126,1.445e-05,0.00089388,0.00505697,0.01267706,0.00025632,0.00754687,0.08314349,0.0539665,0.00761699,0.00050582,0.00054309,0.00252213,0.00094394,0.0001144,0.0020773,4.1e-06,0.00068497,0.03217369,5.296e-05,0.00237825,4.644e-05,0.00158069,0.02369598,0.0038703,0.00119795,0.24456873,0.04650093,0.23954097,0.17898102,0.00757094,0.00124778,0.02522141,0.00124751,3.48e-06,-4377745.999998472,-0.3117186099780574,-0.5475399296059283,0.3587606604087682,0.0856520375373914,2
8865212,8865212,COc1ccc(NCC(=O)NN=Cc2ccsc2C(N)=C2Nc3ccccc3S2)cc1,2.054,2.232,2.987,3.166,3.219,3.246,3.256,3.471,3.501,3.569,3.713,3.84,3.916,4.002,4.005,4.083,4.144,4.2,4.273,4.308,4.35,4.397,4.449,4.468,4.519,4.56,4.633,4.651,4.664,4.674,4.735,4.775,4.839,4.917,4.939,4.954,4.992,5.02,5.033,5.078,5.125,5.129,5.131,5.132,5.133,5.139,5.179,5.196,5.203,5.219,0.0007159,4.134e-05,8.08e-05,3.291e-05,2.069e-05,1.044e-05,0.06449801,0.00730729,7.22e-06,0.09130347,0.20105044,0.00023633,0.04554173,0.00013903,0.00014111,0.0021174,2.417e-05,0.0021707,1.891e-05,0.07249073,0.00249234,0.00371799,0.00784807,0.02097694,1.614e-05,1.362e-05,0.01655836,0.17569341,0.00618313,0.00156106,0.00095979,0.00157457,0.13252071,0.00105783,7.155e-05,0.00537389,4.44e-06,0.00304543,3.22e-06,7.454e-05,0.00357033,0.08944571,0.00364721,0.01137479,0.10879252,0.04246798,0.02348755,0.01148996,0.00471642,0.00854065,3619694.9999987385,-7.2258210882456275,0.5559893479692591,-0.4140052027312058,-0.0865595944411606,1
4067239,4067239,CCN(CCCNC(O)Cc1cncn1C)c1ccc(Nc2ncccc2CCN)nn1,3.16,3.221,3.354,3.362,3.633,3.784,3.832,3.843,3.877,3.923,3.958,4.07,4.077,4.185,4.32,4.342,4.41,4.443,4.525,4.561,4.568,4.655,4.657,4.738,4.792,4.897,4.908,4.924,4.929,5.03,5.048,5.067,5.128,5.159,5.31,5.36,5.452,5.607,5.609,5.633,5.641,5.705,5.765,5.834,5.84,5.846,5.854,5.946,5.951,5.984,7.242e-05,0.02130208,0.00947077,0.0005284,6.94e-06,0.23266189,0.00099385,0.06566782,0.00076044,0.02144029,0.01794311,5.817e-05,0.00265825,0.00030909,0.00147328,0.00240876,0.00075748,4.992e-05,0.01763077,0.02220482,0.01849683,0.00423328,0.00179282,0.17001965,0.01147527,0.00038005,0.01254257,0.01348776,2.492e-05,0.05354527,3.76e-06,0.08977011,0.00414007,0.00020612,0.00309255,0.01976916,0.02937661,0.00046448,0.00317843,0.00039428,0.00598558,0.00016258,0.00644507,0.00075157,0.00038458,0.01187781,0.00207738,0.0005058,0.00080113,9.918e-05,-1178277.999999589,-4.231331827773869,0.1253258536855935,0.7931968961102446,-0.2657987864596922,0
5474222,5474222,CCN(C(=O)CN1CC(NNC(=O)C=C2CCCCC2)C1)C1CCC1,3.79,4.061,4.15,4.246,4.294,5.117,5.315,5.372,5.457,5.588,5.64,5.701,5.795,5.863,5.941,6.098,6.251,6.293,6.334,6.345,6.396,6.481,6.576,6.599,6.627,6.675,6.785,6.842,7.015,7.025,7.124,7.169,7.228,7.35,7.381,7.424,7.449,7.523,7.572,7.586,7.616,7.631,7.632,7.641,7.659,7.747,7.792,7.803,7.834,7.853,5.45e-06,0.00393784,0.00718815,0.00256153,0.00118698,0.00030533,6.34e-06,0.00012707,9.09e-06,0.0003211,0.00247553,0.00733002,0.00309894,0.00259131,0.17727398,0.08577565,0.00732179,0.00293094,0.07999548,0.0025259,0.01095749,0.00156292,0.00255117,0.02313496,0.22055977,0.00527024,0.00079104,0.00010308,0.02529269,0.00582594,0.01488436,0.0169316,0.0107164,0.08374863,5.791e-05,0.00743878,0.02592215,0.01106537,0.00695828,0.00290888,0.00230341,0.00088697,0.00556288,0.00078236,7.146e-05,0.0438633,0.02396109,0.00141135,0.00053585,0.00247338,228704.99999991173,8.262386620707396,0.6808381917775436,-0.1026964580380712,-0.1300654137953907,4
6990826,6990826,CC1(F)CN(C(=O)CNC(CO)Nc2ccc(NCc3cscc3C(F)(F)F)cc2)C1,1.769,2.872,3.331,3.417,3.596,3.696,3.753,3.796,3.84,4.171,4.389,4.639,4.645,4.698,4.843,4.915,4.934,4.987,5.019,5.136,5.159,5.233,5.243,5.247,5.257,5.309,5.39,5.434,5.464,5.523,5.605,5.622,5.667,5.723,5.723,5.743,5.835,5.862,5.949,5.95,6.024,6.034,6.089,6.161,6.166,6.184,6.188,6.201,6.218,6.232,0.00050745,9e-08,0.000639,8e-08,0.00090782,0.00022655,0.03654987,0.00020683,0.00024208,0.01579293,2.481e-05,0.00014998,0.00526806,3.6e-07,0.00261875,0.02106673,0.00012726,0.2340854,0.21347299,0.00025378,0.00053041,0.00014632,6.33e-06,0.00165082,0.02648157,0.05046014,0.00289492,7.16e-05,5.344e-05,0.00026822,0.0016003,0.00065382,0.00019997,0.0069442,0.00038818,6.6e-07,0.00044369,0.00072661,0.00146448,0.0001541,0.0008753,0.01582071,0.00773663,0.01058764,0.0002739,0.00143906,0.00032025,0.00047524,0.01322109,0.01148467,1745308.999999391,-1.770766923664464,1.2872688860903532,-0.6770210383350537,-0.1868878452105017,3
7117256,7117256,CS(=O)(=O)NC1(CNC2(CNC(=O)CCN3CCOCC3)N=N2)CCC1,3.076,3.233,3.271,3.562,3.627,3.779,4.331,4.508,4.914,5.031,5.115,5.119,5.184,5.273,5.276,5.311,5.362,5.518,5.563,5.614,5.667,5.75,5.804,5.818,5.845,5.854,5.916,5.987,6.063,6.174,6.262,6.298,6.364,6.405,6.443,6.551,6.594,6.598,6.724,6.766,6.826,6.855,6.896,6.955,7.014,7.042,7.078,7.174,7.181,7.201,0.00035273,9.902e-05,7.268e-05,4.701e-05,1.85e-06,0.0001684,0.0006067,3.247e-05,7.9e-07,0.00013199,5.47e-05,5.592e-05,0.00010614,0.0004664,3.534e-05,4.93e-06,0.00165695,6.257e-05,0.00480566,8.373e-05,1.7e-06,0.00051532,0.01173408,0.01033346,3.76e-06,5.845e-05,0.00188131,0.00017663,0.0005158,0.00073296,0.00059041,5.3e-06,0.00151018,0.00896783,0.00035583,0.00012083,0.00337823,0.00129688,7.475e-05,0.01048491,0.00201356,0.00021108,0.13467087,0.00130257,0.00039931,0.00016878,0.00069704,0.00037043,0.09029278,0.01312801,1871738.9999993476,2.81677267265401,1.447376664161082,-0.2147044281534338,-0.36224474175986,3
3030327,3030327,CC1(C(=O)NCC2=CCN(CC(=O)NC3CCCCCC3)C=C2)CC1,3.452,3.525,4.161,4.209,4.491,4.556,4.95,4.973,5.247,5.371,5.571,5.651,5.69,5.74,5.785,5.879,5.962,6.0,6.039,6.067,6.086,6.229,6.293,6.381,6.415,6.459,6.514,6.536,6.677,6.75,6.771,6.906,6.929,7.005,7.048,7.083,7.102,7.144,7.176,7.202,7.269,7.275,7.331,7.345,7.36,7.501,7.508,7.513,7.538,7.56,0.00991825,0.08687453,0.00208023,0.0153828,0.00095594,0.00013412,0.00041351,1.291e-05,0.00350041,0.00044432,0.00023357,0.00026771,1.77e-06,0.00108761,0.00023607,0.00022888,1.517e-05,4.341e-05,0.0068623,0.00018472,0.00264111,0.00203792,0.00094871,0.03205264,4.91e-06,0.04825506,0.001413,0.01074104,0.00365085,0.00145737,2.019e-05,0.0003874,0.08812413,0.11257296,0.22573724,0.00576035,0.31191836,0.00923833,0.00120941,0.00047833,0.02125848,0.01630176,0.00604368,0.03196815,0.01467831,0.00809076,0.03286778,0.01426342,0.00305078,0.01005999,-2215189.99999923,6.340475346745235,0.699804649140545,-0.3166775440581655,-0.2591149873441562,0
5839877,5839877,COc1cc(NC(=O)C=CC2CC2)cc2[nH]ncc12,2.97,3.35,3.662,4.284,4.288,4.327,4.578,4.581,4.775,5.084,5.184,5.328,5.423,5.466,5.521,5.533,5.6,5.632,5.776,5.833,5.879,6.024,6.046,6.147,6.173,6.249,6.283,6.297,6.331,6.346,6.374,6.468,6.493,6.534,6.556,6.658,6.695,6.732,6.776,6.861,6.897,6.959,6.98,7.061,7.095,7.108,7.148,7.218,7.235,7.243,0.04493005,0.00149288,0.06263568,0.00655204,0.00113064,0.09724379,0.0047528,1.688e-05,0.01337444,0.00255499,0.40125619,0.32509284,0.00400229,0.0854058,0.00122079,0.00120033,0.00017306,0.0027588,0.05759422,0.00585105,0.03987101,0.0008358,0.01967418,0.01156462,0.02573191,0.00411564,0.00019468,0.10408419,0.00763512,0.03736897,0.11450588,0.00965015,0.01243055,0.13962507,0.04235182,0.01668535,0.00605192,0.01325378,0.00051336,0.01757197,0.00911118,0.00573921,0.01588076,0.00118882,0.00847386,0.01821155,0.00065133,0.06296946,0.0001704,0.05107042,594359.9999997936,4.059093621380473,0.8895391417209019,-0.424477604734246,-0.231767251500735,4
68533,68533,CCNc1cc(C)[nH]c(=O)c1CC(=O)NC1(C(=O)O)Cc2ccccc2C1,3.247,3.363,3.473,3.506,3.669,3.702,3.826,3.908,4.023,4.168,4.2,4.297,4.455,4.518,4.549,4.667,4.668,4.701,4.721,4.763,4.822,4.843,4.94,4.989,5.021,5.026,5.082,5.097,5.177,5.255,5.261,5.488,5.573,5.621,5.661,5.695,5.784,5.798,5.887,5.948,6.082,6.145,6.177,6.208,6.221,6.242,6.254,6.26,6.262,6.263,0.00046826,0.09211393,0.00017936,0.00035569,1.8e-05,1.38e-06,0.00026353,0.00465714,1.037e-05,0.00142474,0.00037853,0.00062048,0.0004867,8.428e-05,0.01321047,6.484e-05,4.847e-05,0.00077042,0.00080877,0.0060123,0.00064976,3.431e-05,0.06471699,0.00758109,0.0023561,0.01421488,0.00422537,0.00500525,0.0017202,0.0004882,0.00131697,0.00737692,0.01479768,0.0001059,0.03862565,0.02900532,0.193977,0.00333571,0.02799628,0.00365424,0.0635486,0.00018123,0.00666729,0.02578194,0.00015156,0.00142306,0.00010852,0.00785507,0.00219316,0.0001277,-5176983.999998193,-2.355908414417246,0.469129101111611,0.835460198224819,-0.2371612257146819,2
10436786,10436786,CCOCc1nc(C)nc(Sc2nc(COc3ccccc3)n[nH]2)n1,3.251,3.352,3.685,3.776,4.106,4.247,4.317,4.389,4.418,4.431,4.491,4.549,4.611,4.665,4.691,4.713,4.721,4.728,4.849,4.906,4.945,5.08,5.136,5.156,5.173,5.227,5.26,5.336,5.348,5.362,5.438,5.452,5.495,5.501,5.536,5.563,5.586,5.589,5.638,5.661,5.675,5.719,5.729,5.742,5.744,5.776,5.795,5.84,5.878,5.891,2.793e-05,0.00031541,0.00309002,0.00038863,0.00275683,0.01536281,6.13e-06,0.00047809,4.761e-05,0.00160674,0.00086515,0.00055879,1.92e-05,0.00525554,0.0297799,5.9e-05,0.00044391,0.00244808,1.57e-05,0.0344453,0.00173593,0.02496415,9.694e-05,0.00341689,7.542e-05,0.00024891,0.00339848,0.01149914,0.00087343,0.10332735,0.00010516,0.00217386,0.00071647,0.0003116,0.0001572,0.05557156,0.00012293,0.00264277,0.00234954,7.978e-05,0.01718793,0.00123772,0.00218724,8.664e-05,3.99e-05,0.00194853,0.00362408,8.73e-05,0.00569923,4.654e-05,5191268.999998189,-2.468965658997974,-0.9150216558810728,-0.2317783575071014,-0.1753478647470058,1
8655233,8655233,CC(C)CCN1CCC(CCNC(=O)c2cc(C(F)CO)nn2C)CC1,3.483,3.956,4.7,4.917,5.076,5.26,5.512,5.534,5.549,5.616,5.633,5.69,5.728,5.903,5.925,5.945,6.176,6.183,6.219,6.323,6.377,6.501,6.686,6.688,6.774,6.814,6.857,6.906,6.947,7.037,7.049,7.112,7.135,7.198,7.221,7.248,7.265,7.284,7.322,7.48,7.489,7.519,7.563,7.571,7.646,7.723,7.77,7.804,7.816,7.882,7.134e-05,0.00015603,0.01936181,0.06240865,3.294e-05,0.04209474,0.00264299,0.00495238,0.00095848,0.11414141,0.04512756,0.05958009,0.00069086,0.00057757,3.209e-05,0.01640155,0.00137359,0.00663451,0.00169542,6.344e-05,0.13272518,0.00071175,0.000336,0.00017102,5.939e-05,0.00110756,0.01047989,0.01009386,0.01579874,0.21294737,0.03240955,0.0189866,0.01009036,0.00032094,9.468e-05,0.00032856,0.01198417,0.02214046,0.00065283,0.00367292,0.00076397,0.000145,0.01560336,0.00154758,0.00051435,0.00700749,1.537e-05,0.006137,0.00177666,0.00786307,3409715.999998808,8.21504442489287,0.0115146704369161,-0.0875969451654291,-0.4745673394998713,1
834666,834666,COCCNC(=O)C1CCN(c2nnc(CC(C)C)n2CCC2(S(C)(=O)=O)CC2)CC1,5.12,5.22,5.394,5.597,5.772,5.937,6.006,6.105,6.173,6.189,6.266,6.5,6.504,6.544,6.608,6.64,6.741,6.783,6.803,6.842,6.862,7.066,7.07,7.095,7.18,7.322,7.362,7.377,7.441,7.507,7.53,7.56,7.584,7.615,7.628,7.635,7.644,7.701,7.716,7.732,7.75,7.795,7.808,7.82,7.89,7.894,7.906,7.921,7.946,7.983,0.00079626,0.01872484,0.00059235,0.06068939,0.01152045,0.00043509,0.00015282,0.04865037,0.0443374,0.01121983,0.00016411,0.00024788,0.00079057,6.014e-05,0.01204024,7.522e-05,0.03166037,0.00620028,0.00040465,0.02332095,0.00562756,0.02747001,0.00010188,0.00048062,0.17889301,0.00035159,0.01784864,8.86e-06,0.00019843,0.00035374,0.00021321,0.00035559,0.00195105,0.00057026,0.0007083,7.9e-07,0.01113541,0.02616353,1.209e-05,0.00356848,0.02251557,0.01115375,0.05537307,0.05629408,0.00461414,0.15425432,0.0846886,0.00552898,0.04529708,0.02730138,-4410850.999998464,11.494899226801817,-2.0516665362972355,-0.1692420628769791,0.2231693616037538,2
6370136,6370136,CC(F)N(Cc1cccc(OCc2ccccn2)c1)Cc1ccco1,3.503,3.704,3.711,3.892,3.912,4.093,4.138,4.504,4.513,4.581,4.605,4.687,4.708,4.717,4.783,4.888,4.976,5.168,5.258,5.266,5.304,5.321,5.361,5.411,5.473,5.491,5.57,5.632,5.654,5.673,5.69,5.771,5.789,5.858,5.908,5.912,5.914,5.974,6.034,6.038,6.062,6.104,6.111,6.134,6.136,6.15,6.234,6.248,6.285,6.326,1.64e-06,3.05e-06,7.332e-05,9.94e-06,0.00022287,2.131e-05,0.00030934,0.00512718,1.055e-05,0.00037091,0.00011419,1.87e-06,0.01798985,0.01134716,0.00079166,5.9e-07,0.00233781,0.00306919,0.00378336,0.03947364,0.01501332,2.831e-05,0.0390908,0.02872283,2.183e-05,0.00896445,0.00689063,0.00272774,0.00246695,0.00190076,0.04590667,0.00032809,9.851e-05,0.0010391,0.0239022,0.07187478,0.10657646,0.00094729,0.00020109,0.00649262,0.00105406,0.0047139,0.00156353,0.00756349,0.08571297,0.00329047,0.0128983,0.31569191,0.00428362,1.327e-05,1124618.9999996084,-0.5361649871446723,-0.3926244041857201,0.0285581969900792,0.2316773329511448,3
585549,585549,O=C(Nc1nc(CN2CCC(O)CC2)cs1)c1cc(NCc2ccccc2)nc2ccccc12,2.115,2.665,3.069,3.101,3.118,3.211,3.303,3.36,3.593,3.605,3.61,3.626,3.727,3.807,3.823,3.836,3.949,4.053,4.064,4.07,4.095,4.154,4.167,4.202,4.241,4.257,4.346,4.347,4.363,4.547,4.558,4.573,4.578,4.606,4.621,4.624,4.638,4.714,4.727,4.731,4.8,4.802,4.819,4.819,4.851,4.87,4.896,4.914,4.916,4.984,0.00012379,0.03281379,4.983e-05,8e-08,1e-08,0.09648532,0.00071133,8.15e-06,5.108e-05,9.67e-06,9.43e-06,0.00010788,0.00030608,0.00171195,0.00039819,0.00164522,0.03372692,2.864e-05,0.00283205,7.074e-05,0.00628665,0.00551089,0.00086943,6.124e-05,0.12960044,0.01912501,0.0,1.983e-05,1.4e-07,6.037e-05,0.00011036,0.00164589,0.01653527,3.062e-05,7.055e-05,0.000128,1.437e-05,4.2e-06,0.00308773,5.78e-06,0.03948992,7.74e-06,0.00036291,0.02282747,5.62e-06,0.04752106,0.0014856,0.00067124,0.00225343,0.0098975,-4659967.999998372,-8.74770469141636,-0.1331065404644605,-0.2559894409573105,-0.1513942413904571,2
6202312,6202312,CC(F)N(CC1CC1)C1CCN(C(=O)c2cnon2)CC1,3.116,3.254,3.606,4.43,4.52,4.558,4.689,5.07,5.188,5.225,5.293,5.342,5.514,5.56,5.662,5.739,5.819,5.835,6.003,6.05,6.133,6.259,6.337,6.388,6.496,6.51,6.576,6.578,6.606,6.658,6.706,6.829,6.848,6.916,6.92,6.927,7.044,7.055,7.074,7.114,7.134,7.342,7.371,7.413,7.52,7.558,7.631,7.65,7.697,7.806,0.00101329,0.00122714,0.01330716,0.00030725,0.00016582,9.9e-06,3.024e-05,0.00262455,0.02635306,0.07317476,0.00013072,0.00136062,0.00022977,0.02086741,0.06676445,0.01159163,0.00020026,0.00022805,3.66e-06,0.00073704,0.04156932,0.00056277,0.00157697,0.00285877,0.00045024,0.00196374,0.05769553,0.00891524,0.00028024,9.543e-05,0.02249417,0.00055396,0.09682312,0.00513422,0.00193097,0.01860919,0.00356334,0.00091324,0.03015033,0.01901464,0.00026192,0.14849197,0.01451656,0.02413987,0.00055768,0.00645865,0.00028793,0.00377886,0.00073208,0.00990179,956794.999999666,6.0473879550712,1.2783131301325936,-0.2281860942572465,-0.4503753139211663,4
1212303,1212303,CC1(c2ccc(CNS(=O)(=O)NNC(=O)CSc3ccccc3O)cc2F)OCCO1,3.51,3.515,3.896,3.904,4.05,4.075,4.076,4.131,4.158,4.272,4.344,4.383,4.39,4.436,4.45,4.482,4.513,4.528,4.626,4.63,4.654,4.658,4.706,4.73,4.753,4.762,4.808,4.823,4.864,4.869,4.916,4.919,4.966,4.976,5.029,5.078,5.1,5.153,5.195,5.205,5.235,5.267,5.314,5.323,5.388,5.421,5.451,5.457,5.46,5.541,0.00429174,0.00062949,0.00031374,0.0096721,7.26e-06,0.00098666,0.00046464,0.00047842,0.00761899,0.00039186,5.155e-05,0.00887677,0.01248486,0.00021714,0.00010469,8.908e-05,6.748e-05,0.00878275,3.77e-06,1.048e-05,0.00030156,0.00764361,0.02397827,5.324e-05,0.03765019,0.00038273,0.00023664,0.00944933,0.00018282,0.00381954,0.00657484,0.00021677,0.00778678,0.03882927,0.01055848,3.343e-05,0.00019025,0.00445066,0.01043922,2.789e-05,0.00789363,6.346e-05,0.0086201,0.02973016,0.00432709,0.03621752,0.00256168,0.00015216,9.413e-05,0.01456356,-4033213.999998592,-4.848767762168482,-1.8031799818301315,-0.0036692448377669,-0.212094408519515,2
2678909,2678909,O=C(OCC1(NCn2nnc3ccccc3c2=O)CCOCC1)c1ccnn1CC(F)F,2.946,3.299,3.372,3.518,3.556,3.651,3.726,3.776,3.822,3.846,3.939,3.955,3.984,4.005,4.061,4.16,4.203,4.243,4.265,4.269,4.273,4.381,4.487,4.529,4.615,4.669,4.698,4.943,4.958,4.976,5.003,5.043,5.095,5.134,5.145,5.18,5.272,5.317,5.32,5.324,5.354,5.426,5.452,5.533,5.558,5.575,5.601,5.605,5.618,5.631,0.00038644,1.634e-05,4.196e-05,0.00544331,0.00012162,0.00028094,4.002e-05,0.00023587,0.10660181,0.00660733,0.0025202,0.00067648,5.879e-05,0.00029243,0.00159731,0.01927115,0.00010672,0.00667561,0.00294855,0.00136921,0.000297,1.692e-05,0.00173749,0.03472005,3.44e-06,0.00022718,0.01341112,0.0004112,0.00102386,0.04822717,0.0216701,0.00034136,0.00070457,3.848e-05,0.06105184,4.996e-05,0.0001828,0.00017691,0.00019092,0.00010874,0.1145449,0.11429112,0.03884471,0.00584492,0.01487928,0.00015362,0.0713276,0.02101422,0.04352153,0.16724056,-2566607.999999104,-5.480086123259553,-0.1826975994111823,0.7796539353898996,-0.2212013479117873,0
1943659,1943659,O=C(CC=C(O)c1ccc2c(c1)CCCC2)NCCc1nnc2ccccn12,2.956,3.484,3.651,3.715,3.746,3.798,3.916,4.004,4.072,4.097,4.196,4.36,4.443,4.461,4.494,4.549,4.575,4.795,4.797,4.88,4.883,4.947,4.954,5.003,5.046,5.121,5.124,5.161,5.208,5.212,5.272,5.317,5.476,5.514,5.544,5.562,5.574,5.6,5.632,5.669,5.69,5.693,5.779,5.781,5.828,5.831,5.87,5.879,5.902,5.947,2.975e-05,0.02615421,0.00123301,7.814e-05,0.0166456,0.00185627,0.00021832,5.039e-05,0.00056801,0.00348998,4.301e-05,7.5e-07,0.00800514,8.671e-05,0.0013924,1.72e-06,0.00229763,0.00038568,2.051e-05,7.607e-05,0.0008971,2.023e-05,0.00022802,0.00660193,0.03142786,9.431e-05,9.08e-05,0.01034192,0.05695378,0.00012147,0.05667447,0.00020704,0.01795135,0.00258873,1.04e-05,0.00068937,0.04447586,0.00031374,9.73e-06,0.15441944,0.00057008,0.0312826,0.01108616,0.00169673,0.06895051,0.05506865,0.00062474,0.03100937,0.02165267,0.01347737,-3301857.9999988475,-3.1090561582205005,-0.2364562955927659,0.1777015504897199,0.0677814148439309,2
3326660,3326660,C#CCN(CC#CC)CCOCc1nnc(-c2cccnc2)n1CCCn1cccn1,3.602,3.841,3.921,4.013,4.04,4.109,4.138,4.168,4.252,4.282,4.348,4.373,4.377,4.599,4.79,4.886,4.963,5.014,5.029,5.089,5.121,5.193,5.202,5.25,5.257,5.323,5.329,5.357,5.409,5.432,5.432,5.499,5.519,5.646,5.685,5.736,5.828,5.837,5.845,5.923,5.96,5.989,6.006,6.067,6.142,6.18,6.212,6.235,6.251,6.275,0.00031505,6.881e-05,0.02796057,0.00013119,0.00563648,0.0001054,6.732e-05,0.06145432,9.143e-05,0.01789287,0.00067645,0.03383725,0.00046764,0.00923505,0.00012838,0.00237877,0.00137361,0.00720968,0.00050294,0.00087258,0.0049413,0.00012146,0.00120945,0.00143945,0.00230006,9.998e-05,0.001481,0.0340464,0.00017838,0.00032765,0.0004493,0.00427841,0.00023094,0.00220787,0.03231953,0.00032444,0.00011033,0.00319896,0.00236785,0.01481323,0.00011786,6.515e-05,0.05529959,0.00660879,0.00181111,0.00240284,0.00057982,0.00073674,0.02808725,0.10524299,-1918856.99999933,-1.446847459220546,-0.6033656233748249,0.5558483185834798,0.2143460051949543,0
6416370,6416370,NCCCCn1cc(C(=O)NCc2cccc(CN3CCCCCC3)c2)cn1,3.283,3.372,3.497,3.857,3.941,4.076,4.215,4.572,4.615,4.789,4.883,4.955,5.014,5.04,5.1,5.131,5.179,5.221,5.244,5.314,5.375,5.502,5.623,5.698,5.704,5.787,5.808,5.825,5.872,5.883,5.893,5.911,5.919,5.931,5.948,5.959,6.028,6.043,6.051,6.091,6.121,6.131,6.149,6.22,6.271,6.288,6.342,6.361,6.375,6.415,0.00113376,0.00246343,0.00017188,0.00271071,0.00011737,0.00111691,2.985e-05,0.02083373,0.00084041,8.513e-05,0.01358625,0.00012576,0.01305607,0.00561961,3.431e-05,0.00126742,0.01634814,0.0001172,0.0004296,2.321e-05,0.00790301,0.01722252,0.21684595,0.00378409,0.00581392,0.00077608,0.00190764,0.00121446,0.00165053,0.02988225,0.00131611,0.00154928,0.00325792,0.08036364,0.04915301,0.00103348,0.00120864,0.00092371,0.00309421,0.00034908,0.01220076,0.00818643,0.00588938,0.05524813,0.00298354,0.0131043,0.04833313,0.04853891,0.00102815,0.09325815,1170852.9999995918,0.3026856721850864,-0.1306596897769392,-0.652374565248631,0.1390199828156041,3
2714861,2714861,CSC1(CNS(=O)(=O)c2ccc3c(cnn3C(C)F)c2)CCOCC1,2.885,3.222,3.33,3.662,4.001,4.045,4.13,4.211,4.332,4.474,4.543,4.797,4.83,4.989,5.012,5.125,5.141,5.187,5.31,5.324,5.357,5.368,5.413,5.456,5.523,5.546,5.555,5.57,5.606,5.643,5.7,5.747,5.802,5.904,5.935,5.973,6.019,6.049,6.145,6.189,6.228,6.237,6.32,6.327,6.333,6.369,6.392,6.403,6.465,6.536,0.00024166,0.00126577,0.00110352,0.00135592,0.00378242,0.03512779,0.00548203,0.00383715,0.00108022,0.00613385,5.991e-05,0.00347362,0.0009821,0.0229775,0.00537374,0.08286709,0.00148487,0.0096291,0.11740567,0.0366495,0.01551493,0.06666646,0.18443945,0.07515722,0.00276125,0.00201901,0.00041313,0.00151775,0.00105878,0.00200164,0.00554216,0.06228834,0.03273804,0.0132052,0.0041543,0.00514639,0.00255577,0.06866674,0.0227538,0.00292599,0.00918445,0.00827578,0.00036173,0.00277308,0.00204109,0.00617287,0.01315431,0.16062722,0.05204537,0.00218118,-2530655.9999991166,-0.1994483928642371,0.489608826286988,-0.3701952257869166,-0.1330133851809187,0
274659,274659,C=C(C)Cn1c(-c2cc(C3CC3)nc(C)n2)ccc1N(C)Cc1c(C)noc1C,3.662,3.839,3.856,4.064,4.096,4.103,4.15,4.315,4.34,4.381,4.412,4.547,4.576,4.615,4.633,4.764,4.882,4.933,5.025,5.068,5.175,5.284,5.285,5.333,5.405,5.421,5.479,5.484,5.514,5.547,5.622,5.633,5.677,5.702,5.768,5.778,5.834,5.846,5.88,5.883,5.892,5.906,5.92,5.949,6.004,6.042,6.059,6.101,6.171,6.224,0.0246639,0.00081551,0.011836,0.00062711,0.00079403,0.00758177,0.00071992,8.691e-05,0.00679284,2.645e-05,0.00110604,6.064e-05,7.626e-05,0.00015028,1.39e-06,8.12e-06,0.00295903,0.00014663,2.178e-05,0.00014326,0.03051209,0.00343759,0.00014764,0.00459307,4.598e-05,0.00921465,0.00390867,7.491e-05,0.0111182,6.488e-05,5.07e-05,0.00582342,0.00480692,0.02696175,0.00381504,0.00016087,0.00173785,0.04358923,0.06422196,0.00221055,0.03968095,0.02747102,0.00135886,0.01282811,0.04831167,0.00078619,0.13826149,0.11360064,0.00421399,0.00528096,-4970857.999998265,-1.318232549588852,-0.7652741377066499,0.3538103703318199,0.3818480873806321,2
7427352,7427352,CC(C)C(=O)N(CCO)CNC1CCN(C(=O)c2cc[nH]c(=O)c2)CC1,2.884,2.97,3.241,3.313,3.415,3.503,3.881,4.326,4.419,4.571,4.685,4.771,4.864,4.952,5.069,5.175,5.206,5.243,5.343,5.391,5.417,5.428,5.495,5.515,5.567,5.615,5.622,5.637,5.661,5.773,5.794,5.846,5.875,5.908,5.952,6.021,6.128,6.247,6.294,6.329,6.35,6.444,6.515,6.599,6.643,6.664,6.704,6.783,6.854,6.865,0.00176521,8.9e-06,0.00140608,0.00068969,0.00013211,9.86e-06,0.04843335,0.00182765,8.52e-06,1.1e-07,0.00115208,0.00102211,0.00032837,4.095e-05,4.535e-05,0.00063624,0.0018889,0.00012748,7.333e-05,0.01310205,0.01862595,7.63e-05,3.54e-05,0.01416745,0.00024426,0.00188683,0.00340431,0.0017651,0.00194552,0.00270989,0.00231699,0.00463249,0.00020522,0.00137965,0.0001247,5e-07,0.01071924,0.00258918,0.04495669,0.01881193,0.00143114,0.03229539,0.14601726,0.30684527,0.08970617,0.09458021,0.01540123,0.14320722,0.00727206,0.11466552,2181834.999999238,0.3796968174239374,1.3952407566206215,-0.3027426589218257,-0.1679655085873311,3
289433,289433,CC(=NNc1ncccn1)c1cc(C(O)NNc2cnc3ccccc3n2)c(C)nc1C,2.722,2.991,3.154,3.285,3.561,3.588,3.717,3.757,3.758,3.849,3.882,3.946,3.973,3.986,4.01,4.017,4.069,4.072,4.099,4.109,4.183,4.209,4.223,4.261,4.312,4.358,4.418,4.428,4.467,4.489,4.532,4.569,4.575,4.619,4.634,4.705,4.717,4.767,4.793,4.8,4.803,4.822,4.829,4.878,4.884,4.926,4.937,4.962,4.977,5.016,6.867e-05,0.00228673,5.58e-06,0.06143135,0.00070523,0.00050933,0.01387037,0.00027041,0.00024111,0.00086243,0.00012338,0.00025752,0.00030423,2.596e-05,0.01125174,2.783e-05,0.01211595,6.1e-07,0.00141173,3.911e-05,0.0107955,5.288e-05,6.073e-05,0.00382598,0.00711413,0.00253041,4.544e-05,0.00157933,1.362e-05,0.21265747,0.00247425,0.35733579,0.01876931,0.00037342,0.00192108,0.15880694,0.13830496,0.00363138,0.07870733,0.00027389,0.00027444,0.00034421,0.01618263,0.00610801,0.00680092,0.03717605,4e-08,0.0017531,0.00495253,0.03994887,-4956083.999998269,-7.994873581859077,-1.050528142318468,-0.2162265918633116,-0.3586391403389077,2
5015047,5015047,CC(C)(C(=O)N1CCC(c2nc(-c3ccccc3)n[nH]2)CC1)c1cccc(F)c1F,3.587,3.596,3.88,3.916,3.985,4.0,4.325,4.349,4.378,4.435,4.592,4.624,4.675,4.682,4.704,4.706,4.788,4.929,4.952,5.042,5.043,5.196,5.203,5.221,5.23,5.27,5.283,5.329,5.343,5.364,5.395,5.443,5.529,5.608,5.614,5.65,5.69,5.721,5.721,5.765,5.767,5.801,5.846,5.876,5.937,5.987,5.989,6.016,6.017,6.051,0.0078515,0.01551437,0.00055638,1.74e-06,5.431e-05,0.00258895,0.00021322,1.695e-05,3.38e-06,0.00068063,5.84e-06,0.00142681,9.4e-06,0.38819689,1.465e-05,0.03581681,0.00013276,0.01735236,0.0023311,1.633e-05,0.00015721,0.00154976,4.393e-05,0.03434657,0.0030407,0.0002485,1.042e-05,0.03309529,0.00314526,4.2e-07,3.316e-05,2.395e-05,6.6e-06,4.46e-06,0.0012285,2.353e-05,9.51e-06,2.13e-05,0.00060476,0.009849,0.02592691,0.00091322,0.06147429,0.05172667,0.00375907,0.00131871,0.00028121,0.20198903,0.16005015,8.572e-05,-230469.99999991807,-1.9161480413052687,-0.9381488123699042,0.0624642280521072,0.0377994237414368,4
2378721,2378721,O=C(Nc1cccc(Cc2ccccc2)c1O)c1ccc2c(c1)OCCCO2,3.433,3.59,3.685,3.691,3.694,3.701,3.932,3.961,3.988,3.997,4.023,4.228,4.241,4.442,4.468,4.477,4.486,4.561,4.572,4.743,4.76,4.777,4.799,4.811,4.891,4.955,5.068,5.205,5.224,5.36,5.366,5.406,5.431,5.439,5.475,5.517,5.583,5.613,5.625,5.635,5.636,5.679,5.697,5.756,5.786,5.833,5.872,5.891,5.923,5.956,0.00511577,0.13846669,0.00013003,9.402e-05,0.00021082,0.00047517,0.03642899,0.00174379,0.00502323,0.08684342,0.00768138,0.00643285,0.00492665,0.00365481,0.0019569,0.00233978,0.00419634,0.03480139,0.06323418,0.01409011,0.00163785,0.03431389,0.0196142,0.0158259,0.03169739,0.12733327,3.499e-05,0.0025908,0.01628302,0.0070569,0.01746343,0.05259121,0.00080538,0.0009923,0.14593142,0.02513499,0.02766769,0.00809085,0.00779397,0.01955031,0.00598546,0.16311524,0.01549974,0.10065781,0.02031164,0.05707728,0.00318466,0.01354495,0.20869543,0.00845032,-2866795.999999,-3.423028593686636,-0.3407544909933432,0.7257791411477559,0.2277064677621164,0
5983335,5983335,CCc1ncc(S(=O)(=NC)Nc2n[nH]c(COC)c2-c2ccc3c(c2)OCO3)s1,2.72,2.768,3.312,3.486,3.65,3.869,3.893,3.945,3.985,4.205,4.32,4.328,4.368,4.417,4.429,4.542,4.674,4.731,4.756,4.792,4.807,4.821,4.924,4.94,4.979,5.001,5.025,5.036,5.042,5.095,5.101,5.13,5.147,5.197,5.204,5.212,5.247,5.255,5.386,5.433,5.46,5.477,5.497,5.512,5.531,5.56,5.603,5.63,5.653,5.675,0.01018561,0.00216054,0.02755127,0.00054852,0.00028962,0.00546564,0.00924499,0.00603935,0.00898019,0.10425986,0.04256058,0.01072852,0.01022831,0.09529168,0.00671735,0.0650255,0.00237962,0.04096024,0.07956447,0.0017637,0.00108575,0.00612721,0.00145868,0.00459661,0.02305858,0.00302441,0.00138585,0.00921378,0.00313432,0.003609,0.00633842,0.00391291,0.00091186,0.02807106,0.0087888,0.00376848,0.00438512,0.00251168,0.02356395,0.00338675,0.00502256,0.01553709,0.00245044,0.00237618,0.01037851,0.00913819,0.00273529,0.03943154,0.01439674,0.03853861,737817.9999997437,-4.29299560087531,-0.2602604288186572,-0.6279180797196133,-0.1525796110313957,4
