Unnamed: 0.1,Unnamed: 0,smiles,ex1,ex2,ex3,ex4,ex5,ex6,ex7,ex8,ex9,ex10,ex11,ex12,ex13,ex14,ex15,ex16,ex17,ex18,ex19,ex20,ex21,ex22,ex23,ex24,ex25,ex26,ex27,ex28,ex29,ex30,ex31,ex32,ex33,ex34,ex35,ex36,ex37,ex38,ex39,ex40,ex41,ex42,ex43,ex44,ex45,ex46,ex47,ex48,ex49,ex50,prob1,prob2,prob3,prob4,prob5,prob6,prob7,prob8,prob9,prob10,prob11,prob12,prob13,prob14,prob15,prob16,prob17,prob18,prob19,prob20,prob21,prob22,prob23,prob24,prob25,prob26,prob27,prob28,prob29,prob30,prob31,prob32,prob33,prob34,prob35,prob36,prob37,prob38,prob39,prob40,prob41,prob42,prob43,prob44,prob45,prob46,prob47,prob48,prob49,prob50,pc1,pc2,pc3,pc4,pc5,cluster
5543909,5543909,CCc1ccc(CS(=O)(=O)N2CCOCC2)cc1NC(=O)c1cccc2cccnc12,1.967,2.273,2.381,2.679,3.033,3.217,3.242,3.375,3.547,3.549,3.595,3.751,3.847,3.888,3.944,3.954,3.99,4.086,4.139,4.173,4.26,4.302,4.305,4.353,4.4,4.432,4.441,4.494,4.497,4.528,4.556,4.579,4.597,4.621,4.65,4.734,4.792,4.814,4.849,4.935,4.947,4.977,5.026,5.11,5.152,5.172,5.174,5.193,5.231,5.254,0.00063783,2.15e-06,0.02046188,0.0002926,0.00064418,2.251e-05,1.369e-05,3.88e-05,0.00085114,9.444e-05,0.00168715,0.17017097,0.00068606,0.01782009,0.01287496,0.00012582,5.193e-05,0.03415304,0.0610008,0.01171765,0.00658216,0.00201279,0.00116771,0.01044724,0.0030168,0.00062152,0.01599653,4.57e-06,4.49e-05,0.00048858,6.129e-05,0.00101364,0.00023815,4.145e-05,8.647e-05,0.03550592,0.00086644,2.638e-05,0.00011364,0.03367394,0.03810648,0.00299738,0.02297402,0.00756254,0.11336705,0.06158123,0.02138596,0.00133033,0.08553684,0.00025493,298391.9999999011,-8.104729334017593,0.8041356518961789,-0.4925779876393873,-0.3546285320614232,4
5369425,5369425,COC(=O)c1cccc(CNC(=O)COCC(=O)NCc2cccnc2)c1O,2.873,3.046,3.383,3.543,3.57,3.623,3.682,3.765,3.815,3.885,4.042,4.061,4.085,4.152,4.188,4.206,4.221,4.288,4.299,4.389,4.406,4.448,4.474,4.526,4.644,4.709,4.72,4.857,4.938,4.947,4.985,5.049,5.059,5.065,5.071,5.176,5.267,5.277,5.286,5.33,5.353,5.36,5.362,5.366,5.46,5.504,5.541,5.545,5.647,5.673,0.0055695,0.00176743,0.00072642,6.97e-06,0.00253006,0.00212898,6.5e-07,0.00039241,0.00851972,2.77e-05,0.00162415,5.87e-06,0.1089383,3.627e-05,6.682e-05,9.755e-05,0.00315283,1.376e-05,8.15e-06,0.00017986,3.509e-05,0.00310575,1.51e-05,3.2e-07,0.00011904,1.182e-05,0.00162778,4.32e-06,0.00108067,0.00027525,0.0656965,1.124e-05,0.00012931,0.00593231,0.00459857,0.00010635,2.45e-06,0.00050843,8.967e-05,0.02880414,0.00064919,0.00023574,7.161e-05,0.00162132,0.0008602,5.95e-06,0.00010148,0.00105391,0.00110621,7.009e-05,123907.999999961,-5.508100472987126,-0.2194829457262916,0.4072803702749719,-0.2494924625387377,4
4621832,4621832,CCN(CCCNC(=O)Cc1n[nH]cc1C)C(=O)c1occc1C(C)C,3.801,3.815,4.472,4.53,4.669,4.671,4.726,4.895,5.081,5.087,5.101,5.243,5.301,5.441,5.443,5.477,5.584,5.617,5.667,5.814,5.857,5.924,5.959,5.997,6.011,6.1,6.157,6.304,6.321,6.344,6.377,6.386,6.419,6.455,6.482,6.518,6.529,6.601,6.603,6.633,6.652,6.724,6.749,6.781,6.844,6.851,6.902,6.917,6.944,6.947,0.00102921,9.464e-05,0.05929435,1.248e-05,0.01087972,0.01878579,0.00215553,0.00040015,0.20778821,0.0326647,0.00396065,0.00010928,0.00560784,0.00233133,0.00142972,1.759e-05,0.02760566,0.00207072,1.09e-06,0.00014269,0.00129391,0.02187545,6.705e-05,0.03462517,2.44e-06,0.06159201,0.00141385,0.00080979,0.0010711,0.02126278,0.01442413,0.0026909,0.00222105,0.00379254,0.01755418,0.01772237,0.00039838,0.00060588,0.08899419,0.00815772,0.02065669,0.00013001,2.768e-05,0.02095268,0.03584477,0.02186065,2.992e-05,0.00604403,6.01e-06,0.00198676,-623684.999999783,3.649204017504956,-0.6400266213314775,-0.0337798587242566,0.0513918843529075,4
894046,894046,C#CCCNC(=O)CCCOc1ccc(C(C)(C)CC)cc1C(C)(C)CC,4.381,4.604,4.839,5.077,5.125,5.202,5.376,5.565,5.583,5.829,5.861,5.865,5.977,6.016,6.066,6.094,6.096,6.109,6.146,6.19,6.237,6.313,6.319,6.362,6.378,6.509,6.517,6.543,6.564,6.598,6.645,6.668,6.674,6.754,6.777,6.788,6.799,6.806,6.829,6.863,6.88,6.919,6.969,6.976,7.001,7.005,7.035,7.071,7.095,7.143,0.00775769,0.04184835,0.01806189,0.03587485,1.881e-05,0.0656533,0.00090715,0.00022728,0.00011704,0.00011533,0.01838059,0.00015003,0.17936989,0.02471925,0.07378832,0.00244633,0.06762803,0.00017907,0.00058309,0.09234883,6.933e-05,0.00542258,0.00443796,0.04124024,0.19308911,0.00304603,0.04330832,0.01281328,0.00747822,0.00306999,0.01032218,0.00062246,0.00022445,0.00072113,0.06147253,0.00916707,0.00088106,0.0163741,2.996e-05,0.00498136,0.15833366,0.00436482,0.01018597,0.02405946,0.00937173,0.00484794,0.0430185,0.001152,0.00656178,0.00048982,-4351470.999998483,6.200351799950356,-2.057599091007124,-0.6252486650295586,-0.0474077087653499,2
9400048,9400048,C=CCC(=O)CC=C(OCC)c1ccc(CNS(=O)(=O)c2ccccc2)nn1,2.822,3.069,3.253,3.278,3.439,3.466,3.491,3.528,3.549,3.617,3.89,3.946,3.985,4.018,4.046,4.049,4.06,4.107,4.269,4.505,4.524,4.54,4.552,4.604,4.628,4.694,4.709,4.752,4.795,4.909,4.969,4.977,4.995,5.003,5.009,5.074,5.086,5.103,5.11,5.121,5.127,5.145,5.176,5.199,5.256,5.264,5.284,5.29,5.304,5.331,0.00266639,0.00037661,0.00570452,2.189e-05,0.04473327,0.05998353,0.00735067,0.00018945,0.0140017,0.0096843,0.00087837,3.4e-06,0.00169649,0.00264692,0.00356788,0.00049635,0.00524488,0.03590064,0.00076131,4.569e-05,0.00307109,0.01663821,0.01066967,0.03791247,0.00198812,0.10474255,0.00482404,0.00751323,0.00163399,0.00055955,0.00021212,0.00569994,9.815e-05,0.00063699,0.0004693,0.00728615,4.318e-05,0.00386828,0.02715096,0.0293122,0.00455133,0.05334909,0.00904994,0.01579012,0.00368169,0.00255179,0.02382836,0.00117288,0.01041427,0.00152861,4154530.999998553,-6.397839480649639,-0.1696111394734275,0.1627184818396502,0.3362110332440379,1
6784277,6784277,CC(C)(C)NC(=O)CONC(=N)NOCc1ccnn1-c1ccccc1,3.387,3.79,3.934,4.146,4.31,4.355,4.546,4.56,4.59,4.655,4.743,4.854,4.87,4.893,5.009,5.08,5.173,5.174,5.271,5.277,5.277,5.348,5.417,5.568,5.579,5.642,5.707,5.8,5.81,5.863,5.87,5.919,5.921,5.965,6.016,6.038,6.052,6.098,6.121,6.168,6.222,6.236,6.287,6.311,6.321,6.363,6.367,6.446,6.467,6.523,1.057e-05,4e-07,0.01002481,0.00039384,0.00018926,0.00145779,0.00076609,0.00604308,0.33263818,0.01876654,0.00181108,0.00059632,0.00114267,0.00246679,0.00212589,0.00153176,0.00158928,0.00022501,0.00123982,0.00058695,0.00017361,0.02901725,0.00805561,0.00056098,0.00168031,0.00220361,0.00012099,0.00403729,0.01755935,6.057e-05,0.00073547,8.19e-06,1.682e-05,0.00013474,0.03110504,0.00932745,0.14129853,0.01709191,0.00010468,0.01568259,0.00059167,0.03439173,0.01023823,0.0490941,0.00281734,0.00078456,5.789e-05,0.00173613,0.03898594,7.581e-05,1538759.999999463,0.4654864416732959,-0.5581606487887584,0.0848048561836875,-0.085194314503743,3
5543048,5543048,CCOC(=O)N(C)c1ccccc1C(=O)OCC(=O)c1ccc2c(c1)CCCC2,3.079,3.178,3.188,3.535,3.595,3.637,3.739,3.994,4.032,4.098,4.127,4.164,4.264,4.272,4.273,4.333,4.343,4.408,4.502,4.508,4.546,4.593,4.618,4.661,4.716,4.813,4.816,4.976,5.002,5.027,5.119,5.127,5.147,5.231,5.258,5.352,5.354,5.417,5.445,5.45,5.452,5.453,5.46,5.472,5.495,5.564,5.585,5.603,5.612,5.625,0.00018499,8.357e-05,0.00035327,0.00385282,0.00445976,0.00610867,0.02506066,0.00185544,7.253e-05,0.00407288,0.00016888,3.04e-06,0.00154985,0.03371468,0.00643022,0.00682322,0.07472236,0.00710955,0.03195381,0.00654684,0.05098224,0.08884482,0.00170858,0.01597619,0.00071845,0.00073319,3.221e-05,0.0006408,0.00026024,0.00149503,3.195e-05,0.01346422,0.00012979,0.00947513,0.00050236,0.00011354,0.00687705,0.01034171,0.00405469,0.00323484,0.00123564,0.00312186,0.00600722,0.08925375,0.0010022,0.07415949,0.00439206,0.00693776,0.00928942,0.04023246,297530.9999999004,-4.795205770926014,-0.3088796191317589,0.2123987509984153,-0.1609646484931779,4
1867362,1867362,CC(C)(NC(=O)N1CCC(O)(C(F)(F)F)CC1)c1ccc(F)cc1F,3.516,3.928,3.938,4.348,4.377,4.787,4.969,5.426,5.489,5.837,6.045,6.059,6.188,6.245,6.268,6.352,6.47,6.505,6.597,6.644,6.685,6.766,6.808,6.854,6.935,6.976,7.022,7.108,7.126,7.176,7.238,7.252,7.264,7.27,7.381,7.396,7.412,7.432,7.485,7.604,7.659,7.671,7.701,7.725,7.796,7.806,7.818,7.852,7.9,7.949,0.0001164,0.00096777,0.00017974,5.83e-06,0.00041234,0.00029565,0.04442892,5e-06,0.02864856,1.105e-05,0.00031106,0.00072961,0.00061808,0.29348868,0.03548109,0.05160269,0.00118088,0.03894897,0.01745729,0.33544561,0.00839663,1.364e-05,0.05551101,0.00519908,0.00226505,0.00153349,0.02935954,0.00420582,0.09912078,0.00093774,0.25130995,0.01240689,0.00490909,0.00336767,0.00098538,0.00010902,0.01453318,0.00077856,0.00374071,0.00509476,0.00041569,0.00014298,0.00283895,4.875e-05,0.05367623,0.01374227,0.0733634,0.00017349,0.00538532,0.00219644,-3378154.9999988247,9.042745504723603,0.837164747735814,-1.055608055857635,0.0554345831201297,2
4471638,4471638,Cn1cc(CCC(=S)N2CCC(NCCCN3CCCC3=O)C2)nn1,3.119,3.636,3.967,4.11,4.336,4.484,4.487,4.586,4.602,4.835,4.853,4.924,5.046,5.074,5.077,5.418,5.453,5.476,5.562,5.771,5.883,5.988,5.999,6.031,6.14,6.28,6.329,6.345,6.365,6.411,6.465,6.528,6.596,6.602,6.669,6.751,6.803,6.849,6.85,6.864,6.903,6.92,6.948,7.0,7.094,7.141,7.184,7.223,7.278,7.308,0.00015571,1.544e-05,1.03e-06,0.00043997,5.472e-05,1.945e-05,0.16283915,0.06758291,1.1e-07,0.02160029,1.72e-06,0.00125354,0.00102805,0.00045167,8e-07,0.00932194,8.794e-05,0.00246937,1.215e-05,2e-08,0.00397414,0.05707566,0.01057213,0.00023945,2.03e-06,4.954e-05,0.00697286,0.05817924,0.00702332,0.04294858,0.00610557,3e-08,0.00459539,0.01072866,0.00076058,0.02163776,0.01752301,0.00093446,0.20944997,0.00153916,1.113e-05,0.00338859,0.00029289,0.01565722,4.772e-05,0.00117035,7.71e-05,0.01503363,3.918e-05,0.00027719,-773878.9999997308,3.8655802849393535,1.0157762098428929,0.3987731805101269,0.1037304630642386,4
4276035,4276035,C=C(C)CN(CC)C(=O)c1ccn(CC(F)(F)F)c1,4.02,4.343,4.431,4.853,4.939,4.959,5.322,5.58,5.702,5.968,6.096,6.493,6.591,6.602,6.631,6.788,6.892,6.994,7.007,7.078,7.136,7.214,7.347,7.376,7.406,7.423,7.446,7.588,7.606,7.647,7.673,7.685,7.846,7.898,7.926,7.937,7.974,7.999,8.165,8.173,8.175,8.204,8.274,8.285,8.344,8.407,8.44,8.458,8.497,8.504,0.00293503,0.00088166,0.00095247,0.00235093,0.01182413,0.00119059,0.0005032,0.08985824,0.00556834,0.10530952,0.00624955,0.07718284,0.00768241,0.00174722,0.04991056,0.13711068,0.01908572,0.18473434,0.09158349,0.02449286,0.04308202,0.01480541,0.01084123,0.01318795,0.02208384,0.03996486,0.03282391,0.02014316,0.01093947,0.00115723,0.00504049,0.01916123,0.01444585,0.00247323,0.00225451,0.03198305,0.01926603,0.121758,0.00603217,0.02882022,0.05508255,0.09820628,0.00367519,0.01989847,0.02438487,0.02370777,0.01057333,0.00339984,0.00044814,0.00873409,-969481.999999669,12.377006462830806,0.8636335759525009,-0.6198195012998149,0.3554859051208311,4
4266398,4266398,CC(C)=CCCC(=O)N(C)CCN(C)Cc1nc(=N)[nH][nH]1,3.916,4.255,4.36,4.394,4.536,4.556,4.586,4.649,4.849,5.034,5.138,5.286,5.293,5.518,5.693,5.751,5.875,6.238,6.296,6.581,6.594,6.678,6.697,6.714,6.759,6.846,6.893,6.946,7.004,7.009,7.095,7.215,7.237,7.286,7.304,7.307,7.389,7.411,7.452,7.503,7.55,7.56,7.627,7.64,7.651,7.666,7.667,7.74,7.749,7.777,4.691e-05,3.28e-05,0.0005689,0.04718577,0.00136402,0.05566645,0.0004312,0.00118741,0.00018955,0.00096453,0.00068736,1.846e-05,0.00021661,7.04e-06,0.00745748,0.00016107,0.02064489,0.13856261,4.231e-05,0.00126165,0.21755534,0.00659285,0.02809777,0.00359796,0.11111354,0.02873116,0.29766518,0.00182593,0.1476822,0.00116388,0.00132957,0.00863555,0.01123876,0.00096776,0.00947839,0.00896505,3.106e-05,0.00055851,0.00143982,0.00381767,0.00184644,0.00548714,0.00901288,0.08877617,0.06111692,0.00485573,0.00113921,0.04282838,0.00396699,0.000283,-979118.999999663,7.622066517222675,1.129699203128826,0.5355528526044101,1.136232937308622,4
1726107,1726107,C=CCC(=O)N(C)CCN(C)CCc1nc(C)ns1,2.965,3.222,3.397,3.807,4.048,4.228,4.228,4.235,4.474,4.655,4.667,4.866,5.005,5.248,5.262,5.301,5.312,5.385,5.497,5.497,5.501,5.51,5.595,5.605,5.635,5.686,5.765,5.808,5.929,5.97,6.012,6.225,6.265,6.335,6.355,6.373,6.467,6.534,6.536,6.552,6.559,6.605,6.647,6.706,6.732,6.747,6.76,6.791,6.818,6.826,0.0002164,0.00704435,0.00632341,2.855e-05,0.00106726,0.00031267,0.00027166,0.00015317,6.35e-06,0.00012402,2.476e-05,0.05005353,0.02253626,0.01899197,0.00245323,9.184e-05,0.04958312,0.00014019,3.89e-06,4.09e-05,0.00010994,1.06e-06,0.00509468,0.00367869,0.00196479,6.3e-07,0.00030458,0.00021271,4.51e-06,0.00712411,0.00049006,0.0073412,0.00036683,0.00057629,0.00938192,0.00147333,0.02370215,0.0188546,1.868e-05,0.00104108,0.00396184,0.00046423,8.2e-06,0.00552569,0.01035926,0.0369983,0.02871015,0.19398633,0.0016915,6.274e-05,-3519409.999998773,1.655456269107353,0.9754540205536408,-0.1045972888624676,-0.1884003791160351,2
1994583,1994583,C=CCOc1ccc(C(=O)NCCNC(=O)CCc2cncc(F)c2)cc1,2.954,3.466,3.512,3.601,3.608,3.62,3.743,4.024,4.049,4.12,4.179,4.267,4.308,4.357,4.366,4.555,4.56,4.597,4.639,4.664,4.7,4.721,4.791,4.835,4.868,4.878,4.976,5.009,5.013,5.031,5.086,5.109,5.152,5.176,5.187,5.209,5.266,5.279,5.313,5.331,5.332,5.402,5.408,5.451,5.585,5.598,5.701,5.72,5.763,5.773,7.6e-07,4.03e-06,1.55e-06,0.00103416,1.979e-05,9.116e-05,0.00015485,3.24e-06,0.00031642,3.104e-05,0.00082091,0.00027478,3.104e-05,0.00195697,4.755e-05,0.03636135,0.00037166,1.15e-06,0.03256908,0.00037349,0.00152631,0.00278429,0.27396412,0.00026331,0.00468284,2.456e-05,0.00852772,0.00010145,0.05985671,1.25e-06,7.63e-06,3.5e-07,6.7e-07,0.00078168,1.82e-06,3.1e-07,0.00196133,2e-08,1.822e-05,1.47e-06,3.697e-05,0.00052302,1.39e-05,5.362e-05,0.02333469,9.744e-05,0.02713783,0.000169,0.01121857,0.02845331,-3250933.999998864,-4.4642691936912895,-0.5673130605271085,-0.0441074152702521,-0.0001160610869292,2
5268671,5268671,CC(C)(C)OCc1ccccc1C(O)=NOCCCNc1nc2ccccc2o1,3.412,3.738,3.786,3.921,4.074,4.194,4.29,4.399,4.501,4.616,4.682,4.737,4.759,4.782,4.876,4.965,4.993,5.075,5.108,5.192,5.21,5.248,5.302,5.339,5.394,5.429,5.508,5.524,5.555,5.644,5.647,5.741,5.817,5.855,5.868,5.872,5.932,5.962,5.996,6.017,6.033,6.065,6.069,6.087,6.107,6.176,6.213,6.232,6.275,6.305,5.62e-06,3.1e-06,0.06644146,0.0011001,0.00022089,0.00020646,8.85e-06,0.00060182,0.18581154,2.8e-07,1.2e-07,0.00479762,0.00052993,0.00019486,0.10496187,0.00821066,3.89e-05,0.00518502,0.00023685,0.00022747,0.00054604,7.1e-07,2.071e-05,0.03566123,1.97e-05,4.519e-05,0.02285764,0.01377276,0.09870679,0.01204243,0.00067241,0.00010291,0.00318459,0.33461321,0.00188076,0.03498208,0.0816059,0.0068669,0.00214871,0.00169228,0.04083039,0.03359964,0.06240066,0.01386063,0.00830907,0.00300733,0.00075227,0.12819509,0.00140871,0.32505551,23153.99999999279,-0.6536362505669745,-0.5686469504501798,0.0388109872830358,-0.0101152903117251,4
6303611,6303611,CCN(CC)c1ccnc(NCC(=O)C2CCCC(OCCOC)CC2)n1,3.587,3.949,3.993,4.518,4.604,4.633,4.687,4.827,4.828,5.215,5.246,5.271,5.302,5.468,5.499,5.633,5.739,5.838,5.888,5.898,6.055,6.143,6.218,6.29,6.327,6.351,6.38,6.421,6.482,6.568,6.661,6.778,6.788,6.821,6.851,6.913,6.962,6.968,6.982,6.994,7.047,7.171,7.207,7.225,7.307,7.329,7.36,7.365,7.381,7.416,0.00115649,0.00014833,4.22e-05,0.04242217,0.00175186,0.00047172,0.00036172,0.00066925,0.02363121,0.00463403,1.987e-05,0.10478058,0.01377629,0.00039816,0.01959178,0.1704736,0.00185465,0.00175208,0.00327246,0.00503086,0.00045372,0.00186415,0.00857591,0.28465134,0.00892348,0.00433806,0.00060944,0.01156061,0.00661099,0.01822863,0.00059811,5.532e-05,0.00582229,0.00210451,0.00723143,0.05009783,0.00330535,0.00346623,0.00137533,0.00361377,0.00168799,0.00521615,0.15038018,0.01003899,0.00109908,0.04176346,0.00025083,0.00031215,0.06275072,0.00542788,1058093.9999996324,5.332231223342979,0.4560588057655005,0.2429358296028386,0.0777295839872841,3
1509143,1509143,Cc1cc(NC(=O)CSc2nnc(CN3CCCC3)n2Cc2ccco2)n(C(C)(C)C)n1,4.063,4.426,4.467,4.583,4.721,4.815,4.826,4.904,4.923,5.117,5.124,5.138,5.223,5.233,5.282,5.351,5.418,5.432,5.541,5.584,5.598,5.611,5.656,5.675,5.75,5.764,5.765,5.807,5.834,5.839,5.862,5.88,5.888,5.91,5.942,5.972,5.974,5.982,6.027,6.077,6.078,6.095,6.143,6.212,6.267,6.275,6.28,6.304,6.346,6.359,0.00048595,0.00192738,0.00058635,0.00081592,0.06476974,0.00074604,0.00406752,0.00140942,0.00194279,0.00025061,0.02078076,0.00038981,0.00180788,0.01172217,0.00279926,0.0019873,0.01611464,0.00814341,0.00099813,0.00613186,0.00426245,0.02277835,0.00072872,0.00226804,0.05877819,0.0002618,0.02112797,0.00744833,0.00601288,0.00364214,0.00016886,0.02440121,0.00985709,0.03241917,0.01605709,0.06787492,0.02404686,0.02866945,0.03389768,0.01315113,0.00120764,0.06048071,0.05187977,0.00787984,0.00031279,0.01762378,0.00616263,0.00518136,0.00024775,0.00696305,-3736373.999998696,1.223895923262664,-2.21263908360774,-0.3178129030818654,0.1000562158191153,2
9547736,9547736,CCOC(C)(C)OC(O)=Nc1ccc(N(C)C(=O)COc2ccccc2CNc2ccc(C=NOC)cc2)cc1,3.31,3.428,3.471,3.596,3.647,3.687,3.971,3.992,4.055,4.085,4.119,4.136,4.145,4.175,4.242,4.262,4.285,4.304,4.317,4.322,4.347,4.367,4.392,4.485,4.501,4.51,4.514,4.525,4.598,4.609,4.625,4.634,4.636,4.661,4.677,4.689,4.703,4.73,4.793,4.794,4.803,4.853,4.86,4.864,4.909,4.915,4.961,4.991,4.993,5.0,0.01366776,0.00156515,5.84e-06,0.0001746,0.00912459,0.00062702,0.07413823,0.32442232,0.09398645,0.00160279,0.15544221,0.00164495,0.00334446,0.10136716,0.01185603,0.0086561,0.00293617,0.0001284,0.00162991,0.00013353,0.00252467,1.761e-05,2.34e-06,0.0007377,4.425e-05,0.00010068,0.00228006,0.00041236,6.139e-05,0.00075159,0.00807795,0.00106941,0.00570998,0.00559031,1.66e-05,0.00025441,0.00034153,6.612e-05,0.00035546,0.05667297,0.00129758,0.00112574,0.00777722,0.00327825,0.00013692,0.01042556,0.00087218,0.00155618,0.03383655,6.507e-05,4302218.9999985015,-7.141811319562797,-1.9437713269446533,-0.3789935474160636,-0.077761998455122,1
5992235,5992235,COc1ccc(-c2ncc(CNC(=O)CN3CCN(S(N)(=O)=O)CC3)o2)cc1,3.314,3.597,3.656,3.932,3.934,3.981,4.079,4.217,4.432,4.572,4.696,4.73,4.745,4.858,4.885,4.916,4.916,4.928,5.114,5.17,5.187,5.197,5.214,5.413,5.425,5.475,5.519,5.541,5.599,5.633,5.691,5.701,5.766,5.813,5.867,5.871,5.88,5.891,5.906,6.039,6.075,6.088,6.102,6.146,6.15,6.155,6.196,6.221,6.265,6.31,0.00054216,4.801e-05,0.00098935,0.00066641,0.00215654,0.01898884,0.46930777,3.078e-05,0.02555738,0.0053002,0.00105128,0.00098629,0.01444354,0.00065403,0.00025744,0.00126282,0.00273768,0.00565797,0.00705402,0.00018181,4.607e-05,0.00074009,0.00100046,0.00096927,0.03686052,3.881e-05,0.06576077,0.00056176,0.00223684,1.8e-05,0.01866764,0.00624474,2.965e-05,0.00024326,0.00227012,5.575e-05,0.00405984,0.01533115,0.0023037,2.429e-05,0.02751006,0.01353883,0.00197855,2.326e-05,0.01254618,0.00030075,0.0048179,0.00039793,0.15727215,0.01007203,746717.999999741,-0.8256399865274068,-0.2584755412623668,-0.0135627768293816,0.0725224681229679,4
7972216,7972216,O=C(CCN1CC(=O)NCCn2nnnc21)NCCc1cn(Cc2ccccc2)cn1,3.42,3.457,3.753,3.789,3.87,3.906,4.245,4.281,4.303,4.34,4.52,4.671,4.701,4.717,4.752,4.763,4.774,4.796,4.834,4.859,4.895,4.896,4.949,4.959,4.984,5.054,5.07,5.127,5.197,5.233,5.287,5.309,5.348,5.377,5.459,5.49,5.506,5.542,5.629,5.662,5.685,5.692,5.751,5.789,5.859,5.874,5.887,5.923,5.949,5.954,2.183e-05,6.3e-07,4.51e-06,7.15e-06,6.638e-05,0.00035371,7.34e-06,2.15e-06,2.665e-05,5.302e-05,0.00500414,0.0065153,0.00091413,0.00111723,0.00037343,0.00435057,0.00148045,0.00226815,0.01817219,3.899e-05,1.001e-05,0.00023792,0.00192817,0.00094586,0.00045547,0.00493326,0.00010014,0.00128969,0.00023188,3.902e-05,0.00021564,0.00202917,0.00262309,0.00018552,0.00011372,0.00174893,0.00035088,0.00686617,0.01853494,0.00197237,1.409e-05,1.915e-05,0.0011098,0.00039452,1.91e-06,0.00145416,0.00116059,0.00042082,0.00029491,7.077e-05,2726698.999999048,-2.7615474278384844,-0.9155125842119896,-0.038543671557034,-0.273819794694686,3
2494640,2494640,Cc1cc(-c2ccncc2)nc(N2CCCN(C(=O)O)CC2)c1,3.268,3.475,3.59,3.75,3.889,4.008,4.372,4.474,4.496,4.596,4.662,4.685,4.694,4.793,4.822,4.848,4.947,4.978,4.992,5.231,5.364,5.404,5.414,5.477,5.565,5.602,5.653,5.7,5.732,5.771,5.818,5.891,5.935,6.002,6.074,6.075,6.097,6.25,6.258,6.389,6.398,6.42,6.448,6.478,6.509,6.563,6.651,6.68,6.7,6.709,0.02730141,0.00570007,0.00500829,0.00015187,4.313e-05,0.0001657,5.468e-05,0.02484666,7.815e-05,0.00407054,0.00136195,0.01285611,0.0124449,0.11305813,0.20937905,0.01035111,0.04520615,6.463e-05,0.0103581,0.05416765,0.10930418,0.03715018,0.01495739,0.02968572,0.00089838,0.00812083,0.00432179,0.00203999,0.03550217,0.00171812,0.0260024,6.747e-05,0.00144512,0.00101291,0.00197837,0.00016818,0.27403196,0.00110502,0.00206881,0.03531499,0.31031307,0.00797956,0.00020706,0.02340367,0.00719842,0.00902076,0.00035205,0.00048442,0.00673246,0.00019724,-2750876.9999990403,0.3695557852832252,0.4842210358911026,0.4613230298286067,-0.2511576552356105,0
4792772,4792772,C=S(=O)(NC(=O)c1cn(CCOC)nc1C)c1cccc2ccccc12,1.869,2.582,2.642,3.006,3.06,3.114,3.184,3.279,3.62,3.74,3.763,3.836,3.864,3.947,4.033,4.067,4.096,4.228,4.25,4.278,4.325,4.399,4.429,4.487,4.566,4.611,4.744,4.805,4.854,4.86,4.865,4.878,4.912,4.939,4.957,4.972,4.989,5.143,5.157,5.168,5.212,5.242,5.305,5.307,5.368,5.387,5.42,5.464,5.469,5.478,0.01034186,0.0024852,0.00309784,0.00135434,0.00162526,0.01580506,0.00023937,0.00827882,0.06304509,0.03398311,0.00237089,0.00020451,0.00061166,0.00194404,0.00202092,0.02340982,0.04701017,0.00442108,0.00099569,0.00645672,0.03534455,0.00092393,0.00063214,0.0107932,1.808e-05,0.01112474,0.02079528,0.00385976,0.04535616,0.0143827,0.0077802,0.06814466,0.01480425,0.00152679,0.01600976,0.02170791,0.02271023,0.00423068,0.01575851,0.04680551,0.02538128,0.00139435,0.01132188,0.00821756,0.08006939,0.01233302,0.00472174,0.00254264,0.02764745,0.01268608,-452744.9999998365,-6.755729277054866,1.08303284037794,-0.2045076370922404,-0.1643603723932888,4
6071384,6071384,CN(CCCCCO)c1ccc(Cn2c(-c3cnc4c(c3)OCCO4)nnc2N(C)CCC#N)cn1,3.316,3.548,3.876,3.889,3.895,4.008,4.059,4.076,4.252,4.28,4.454,4.455,4.498,4.517,4.614,4.637,4.644,4.685,4.692,4.761,4.821,4.866,4.92,4.959,5.006,5.016,5.044,5.055,5.076,5.08,5.124,5.135,5.179,5.257,5.307,5.332,5.418,5.443,5.502,5.589,5.628,5.645,5.662,5.683,5.74,5.749,5.774,5.834,5.853,5.939,2.345e-05,0.0183563,7.16e-05,7.406e-05,0.01165484,0.050148,0.0300881,0.00185959,0.00096375,0.00240541,0.00035264,0.00012215,0.00073685,0.11837706,1.369e-05,0.00016362,0.0043188,0.00016592,0.00167098,0.00064108,0.0005128,0.00061173,0.20032087,0.13949403,0.03349032,0.02156226,0.00574255,0.00281204,0.00576676,0.0053001,0.00502851,0.00277733,0.00140327,0.00011129,0.0001176,0.00673303,0.00941068,0.01654809,0.00238735,0.13136149,0.03898961,0.03914909,0.00113232,0.00860113,0.00039886,0.00125498,0.00361939,0.01306044,0.00059115,0.00028905,825866.9999997126,-3.391146111792111,-1.029711862462359,0.1512944188129493,-0.2085842764407509,4
730210,730210,CC#Cc1cccc(N(C(=O)Cc2ccc(S(=O)(=O)N(C)c3ccccc3OC)cc2)C2CCC2)c1,2.73,3.147,3.189,3.212,3.306,3.343,3.6,3.714,3.76,3.799,3.822,3.872,3.896,3.905,4.056,4.087,4.176,4.228,4.282,4.321,4.371,4.375,4.39,4.442,4.482,4.55,4.573,4.587,4.622,4.666,4.742,4.763,4.825,4.849,4.899,4.925,4.936,4.95,4.962,4.997,5.003,5.008,5.015,5.049,5.09,5.116,5.151,5.161,5.169,5.203,0.0576807,0.00023402,0.02908381,1.781e-05,0.01148023,0.01154354,0.00044972,0.00040164,0.00086016,0.00725469,0.00029087,0.00018241,0.00015759,0.05360179,0.0120522,0.07965606,0.00679628,0.00479049,0.00013484,7.351e-05,0.00066297,0.00012472,0.0047237,0.0011614,0.00358476,0.00016566,0.06396617,0.07923924,0.00035851,0.00090346,0.00482573,0.00170497,0.00046015,0.0004144,0.00892337,0.00027819,0.00015909,0.03215941,0.00262052,0.27834297,0.00931222,0.00300492,0.00971484,0.00059217,0.07615501,0.00017599,0.00507887,0.00069992,0.02280709,0.00914106,-4515306.999998423,-7.104289352802599,-0.4902479428469746,-0.0521644938680265,0.0676800682275385,2
6627001,6627001,C#CCNC(=O)N1CCN(CCCOC(=O)C2(c3ccc4c(c3)OCCO4)CC2)CC1,3.977,4.076,4.247,4.288,4.346,4.436,4.559,4.709,4.752,4.76,4.994,4.999,5.03,5.097,5.214,5.31,5.466,5.543,5.641,5.698,5.752,5.764,5.78,5.781,5.811,5.823,5.848,5.853,5.866,6.001,6.027,6.049,6.051,6.164,6.186,6.207,6.277,6.278,6.325,6.331,6.334,6.367,6.379,6.41,6.477,6.508,6.559,6.578,6.617,6.638,1.855e-05,0.00026452,3.12e-06,5.867e-05,0.00022631,0.05859966,6.664e-05,0.02213749,0.04166648,0.00101805,0.02380418,0.00180065,5.976e-05,0.00032703,0.00426919,4.81e-06,0.03985248,0.00179747,0.03158407,0.00341003,0.01008621,0.17156975,0.0014433,0.00141558,0.00089639,0.00012548,0.01475222,7.612e-05,0.00480215,0.01171996,0.00098573,0.01817055,0.00103161,0.11293408,9.58e-06,3.773e-05,0.00221224,0.03107559,0.07660322,0.01087003,5.33e-06,0.01515077,2e-08,0.00056752,1.79e-06,0.02341438,0.0066489,0.00269011,0.00342855,0.00568831,1381483.999999518,1.8120619370156203,-0.9616581417755432,-0.0355297099334732,0.421132452999292,3
6985568,6985568,O=C(c1csc(C2CC2)n1)N1CCN(c2ccc3c(c2)CCO3)CC1,2.378,3.136,3.422,3.463,3.564,3.945,4.07,4.271,4.342,4.389,4.547,4.572,4.634,4.762,4.778,4.816,4.973,4.996,5.142,5.185,5.24,5.373,5.388,5.481,5.534,5.624,5.68,5.714,5.784,5.818,5.823,5.851,5.915,5.95,5.972,5.978,5.991,6.027,6.109,6.145,6.187,6.251,6.27,6.282,6.31,6.384,6.419,6.44,6.514,6.545,0.01006991,0.00072786,0.00023822,0.02266789,0.04483756,3.87e-05,0.00080908,0.00156295,0.02227384,0.00086883,0.37001102,0.00457532,0.09273965,0.01906868,0.00212854,7.883e-05,1.854e-05,0.01250506,0.00047287,0.0016024,0.01908394,0.01544817,0.00016665,0.00307026,0.00179062,0.10949825,0.10939615,0.00170049,0.10143543,0.00519869,0.08769359,0.00029668,0.08299195,0.0019055,0.02355177,0.01680596,0.00042366,0.02190344,0.00294689,0.14816677,0.17543183,0.04400032,0.04056226,0.00089978,0.00027173,0.0048661,0.00089008,0.0064104,0.00298748,0.0025467,1740050.9999993918,-0.4414706153705546,1.069990989153282,-0.2743643294292587,-0.1277733785725013,3
2782688,2782688,CCc1c(Nc2ncccc2C(=O)NCc2nnc(C(C)(C)C)o2)ccn1C(CC)CC,2.805,3.664,3.673,3.767,3.906,4.282,4.47,4.515,4.537,4.55,4.625,4.667,4.744,4.753,4.78,4.997,5.059,5.146,5.267,5.291,5.409,5.434,5.44,5.46,5.483,5.557,5.603,5.659,5.691,5.724,5.756,5.776,5.875,5.908,6.004,6.025,6.043,6.059,6.086,6.169,6.208,6.21,6.243,6.267,6.278,6.305,6.306,6.315,6.39,6.412,0.01761423,0.00555097,0.00081892,0.00058323,0.31687651,0.00043608,0.01953889,0.00915123,0.00430466,0.03542521,0.0011843,0.00827789,0.00168725,0.04962563,0.02108456,0.00830798,0.00641296,0.05860815,0.00068058,0.0008356,0.00135514,0.00104355,0.00465371,0.01107751,0.00218048,0.0023935,4.875e-05,0.01570521,0.00175713,0.00038969,0.00010332,0.00101967,0.02098346,0.02812114,0.07699064,0.1070583,0.00154969,0.0838332,0.08442704,0.12990989,0.00010677,0.0017148,0.00326979,0.03170388,0.03767867,0.00636111,0.01497953,0.0452514,0.00858639,0.01845106,-2462828.9999991423,-0.1325347668582347,0.0311565028655816,-0.178070355875319,-0.1709175031820656,0
7912559,7912559,CCCCCOc1ccc(CC)cc1-n1ccc(C(=O)NCCc2nn(C)c3ccccc23)n1,2.751,2.98,3.294,3.43,3.489,3.655,3.807,3.821,3.897,4.079,4.105,4.133,4.175,4.202,4.425,4.452,4.455,4.479,4.503,4.537,4.551,4.593,4.675,4.688,4.771,4.802,4.896,4.944,4.959,5.048,5.079,5.086,5.178,5.215,5.227,5.271,5.286,5.352,5.367,5.378,5.392,5.411,5.435,5.473,5.495,5.532,5.556,5.565,5.574,5.618,2.479e-05,0.00073915,0.00036409,5.35e-06,0.00287714,0.00012963,0.03246113,0.00147726,0.01523248,0.09393912,0.17082369,0.06060535,0.02786429,0.00028128,0.03761298,2.045e-05,0.00599927,0.02846019,0.00509671,0.00073688,1.299e-05,0.00890966,0.01072661,0.00380044,6.244e-05,0.04295953,0.00124149,0.00498817,2.793e-05,2.5e-07,6.802e-05,0.00022324,0.02116794,0.00012268,0.01455201,0.00458243,0.03728497,0.00790792,0.01987918,0.004143,0.00764199,0.00671848,6.76e-05,0.10475951,0.01039906,0.00110716,0.01227416,0.00097386,0.00087489,0.00014734,2667041.9999990705,-4.93720823307974,-0.1191391588304908,-0.0826186785077168,-0.1449538750177929,3
8728426,8728426,CN(Cc1ccccn1)C(=O)CNC(=O)Nc1ccc(CN)c(CNc2cccc(C(F)(F)F)c2)c1,3.225,3.37,3.456,3.589,3.662,3.674,3.687,3.748,3.807,3.816,3.819,3.891,3.893,3.905,3.938,3.979,3.981,4.045,4.119,4.123,4.205,4.283,4.307,4.354,4.406,4.418,4.439,4.452,4.46,4.502,4.535,4.538,4.554,4.675,4.698,4.766,4.774,4.784,4.787,4.846,4.923,4.983,4.999,5.006,5.023,5.077,5.079,5.097,5.121,5.131,7.292e-05,2.211e-05,0.00088203,5.426e-05,1.848e-05,0.00025659,0.00058867,0.00040755,8.73e-06,0.00021184,2.25e-05,4.777e-05,1.6e-06,0.00063295,0.01284453,0.00031883,5.6e-06,0.00351814,0.01858854,0.00029873,4.293e-05,0.00032026,9.777e-05,9.601e-05,0.01003216,1.35e-05,0.00109452,0.00817835,0.01342042,9.101e-05,0.00089932,5.056e-05,0.00024338,4.037e-05,5.721e-05,0.00113026,0.00110128,0.00110263,0.00533093,0.16506744,0.00055969,0.12556134,0.0018666,0.0002701,0.00213701,3.187e-05,0.02146343,4.23e-06,0.02537621,0.03699607,3482908.999998788,-7.559144292548069,-1.3744520745061426,0.4389706399368456,-0.1548681052633813,1
7480988,7480988,COc1nc(N)nc(C)c1CN1CCN(C(=O)C(=O)NCCCc2nnnn2C)CCCC1(C)C,3.291,3.616,3.714,3.767,3.866,4.049,4.05,4.199,4.209,4.491,4.512,4.532,4.642,4.776,4.794,4.84,4.846,4.867,4.897,4.954,4.984,5.026,5.198,5.219,5.267,5.289,5.309,5.341,5.348,5.423,5.477,5.48,5.555,5.57,5.572,5.592,5.62,5.643,5.644,5.765,5.787,5.79,5.794,5.832,5.899,5.912,5.923,5.95,5.999,6.037,0.00615527,0.00052673,2.224e-05,2.868e-05,0.00048058,5.555e-05,3.11e-06,3.809e-05,1.91e-05,4.126e-05,0.00014066,7.5e-06,2.979e-05,0.00049806,0.00438935,0.08115598,0.00366783,4.955e-05,0.05375664,0.00136105,0.01510282,2.029e-05,0.00117309,2.139e-05,0.01484934,4.788e-05,1.1e-07,0.00704985,0.00023223,0.00110934,2.456e-05,0.00016564,0.00421639,0.05184217,0.0004762,0.01960886,0.00050361,0.12331387,0.00086064,0.00018121,0.01498214,0.01600991,0.00059013,0.00632742,0.00074565,5.436e-05,0.00024897,0.00148048,0.00024912,2.17e-06,2235470.99999922,-2.1487613508169434,-0.6634780106634158,-0.1322098892469893,0.1175221481544036,3
3362204,3362204,CC1CCN(CC(=O)NC2CCCN(Cc3cn(C(C)C)nn3)CC2)CC1,4.503,4.536,4.892,5.234,5.261,5.303,5.639,5.644,5.678,5.749,6.065,6.137,6.159,6.372,6.477,6.635,6.67,6.765,6.767,6.782,6.814,6.853,6.882,7.04,7.047,7.085,7.249,7.296,7.38,7.413,7.511,7.521,7.561,7.582,7.606,7.624,7.676,7.796,7.809,7.827,7.834,7.854,7.897,7.936,7.956,8.013,8.026,8.029,8.054,8.082,6.596e-05,0.0004948,1.72e-06,2.861e-05,0.00054399,1.983e-05,8.58e-06,0.00279069,0.0010236,0.03121216,9.42e-05,0.06214357,0.00016309,3.541e-05,0.00038975,0.00349687,0.00421403,2.686e-05,0.01818775,2.93e-05,0.00051506,0.00024845,5.074e-05,0.17677617,0.00242796,0.00030413,0.00099181,0.00014826,0.00125496,0.00028038,0.03102701,0.00027256,0.51423902,0.02203464,0.01327375,0.00236565,0.00505066,0.00022305,0.00281888,0.00020536,0.00263503,0.00934078,0.00878577,0.02551966,0.00113191,0.00785052,0.00045109,0.00443025,0.00197632,0.00314075,-1883312.9999993464,10.786091424417004,-0.466681436866996,-0.1268748451264491,0.2805366586111684,0
7181743,7181743,CC=C(Cc1cccc(C)n1)NCC1(O)CCCC1,3.237,3.404,4.534,4.603,4.704,4.773,5.164,5.466,5.561,5.649,5.788,5.884,5.957,6.047,6.06,6.126,6.216,6.273,6.295,6.324,6.428,6.456,6.477,6.493,6.548,6.597,6.644,6.648,6.715,6.757,6.771,6.869,6.936,6.967,7.026,7.1,7.106,7.129,7.155,7.192,7.219,7.253,7.312,7.32,7.36,7.413,7.422,7.467,7.481,7.509,0.00220831,0.00108035,7.072e-05,3.303e-05,1.091e-05,0.0002839,0.05544009,0.0018421,0.05185507,0.00522396,0.00017008,0.00157747,0.00065389,0.2059147,0.15545471,0.02225426,0.02640068,0.01177703,0.02253543,0.00538401,3.17e-05,0.01983697,0.00442754,0.01749436,0.00363799,3.856e-05,0.01741074,0.0777755,0.03786348,0.26053685,0.23918723,0.06166175,0.00087765,0.01382627,0.00741705,0.0424517,0.01408333,0.00056079,0.00558814,0.02898731,0.01678492,0.01247713,0.00108239,0.00015496,0.01653579,0.00341544,0.00364321,0.00103379,0.00065309,0.00118268,1936225.9999993213,7.043426024902355,0.0415632207707635,-1.0975176366844412,-0.485358258820682,3
741285,741285,O=C(COc1ccc2c(c1)CCCC2)NCCNC(=O)C(CO)Nc1ccc(N2CCCC2)c(F)c1,2.544,2.85,3.392,3.589,3.645,3.951,4.062,4.096,4.321,4.395,4.423,4.501,4.505,4.531,4.601,4.633,4.7,4.703,4.811,4.837,4.906,4.912,4.927,5.041,5.062,5.09,5.16,5.226,5.248,5.254,5.276,5.3,5.312,5.365,5.384,5.385,5.418,5.453,5.55,5.584,5.681,5.682,5.701,5.773,5.799,5.804,5.848,5.879,5.899,5.927,5.6e-07,5.717e-05,0.00067568,0.04836037,2.43e-06,2.741e-05,0.0493292,0.00190217,0.00128339,0.00022747,0.01805253,0.00113584,9.19e-06,4.152e-05,0.00010882,0.35096396,0.00409582,0.00125042,9.303e-05,0.00013483,0.00298377,0.01837165,0.00398148,0.00133072,0.00388763,0.00271144,0.00023947,0.00172793,0.00709421,0.00652609,0.00501447,0.0307144,0.0015091,0.00125563,0.00023044,5.27e-05,0.00141336,0.00510329,0.0008681,0.00368219,1.06e-06,0.00061744,0.00504572,0.00072554,9e-07,0.00537139,0.00282098,0.00550792,0.0296234,0.00395415,-4504231.999998428,-3.239722266609618,-0.0548613951720758,-0.5461784695699484,-0.4989977761440076,2
9932760,9932760,CCc1ccc(-c2nc(CCS(=O)(=O)c3ccccc3C(F)(F)F)cs2)cc1,2.85,3.147,3.587,3.772,3.884,3.89,3.957,4.016,4.068,4.118,4.129,4.255,4.302,4.348,4.427,4.431,4.433,4.611,4.686,4.709,4.726,4.726,4.82,4.925,4.939,4.955,4.96,5.006,5.046,5.117,5.142,5.147,5.206,5.228,5.238,5.258,5.331,5.343,5.367,5.398,5.467,5.479,5.509,5.511,5.512,5.542,5.561,5.592,5.634,5.658,7.195e-05,2.38e-05,0.00177288,0.00057628,0.00322799,0.35024639,1.137e-05,0.00299446,4.905e-05,0.01685472,3.664e-05,2.8e-07,0.00038797,0.00173406,0.00045086,0.02588196,0.04781109,0.03180981,0.01160955,0.00103775,0.00039208,0.01321021,7.76e-05,0.00486688,0.00447499,0.03816394,0.00088708,8.8e-06,0.00270064,2.722e-05,0.00261437,0.00345649,0.00052543,0.00074935,0.00061621,0.00226409,0.00478909,0.00176234,0.04397164,0.00123724,0.0111896,0.0024799,0.00113514,0.00037839,0.00402076,0.0026772,0.00026339,0.0001081,0.00011357,0.00643306,4687242.9999983655,-4.314090537227632,-0.6333026541289813,-0.1121777594485631,-0.1342477974378191,1
10474505,10474505,COc1ccccc1CN1CCN(CN2NC=C(N3CCCC3)N(CC(F)(F)F)C2=CS)CC1,2.734,3.136,3.19,3.529,3.567,3.592,3.826,4.022,4.032,4.21,4.282,4.446,4.45,4.484,4.523,4.67,4.682,4.906,4.935,5.158,5.3,5.549,5.596,5.706,5.731,5.819,5.837,5.89,6.005,6.077,6.091,6.118,6.138,6.192,6.244,6.269,6.349,6.385,6.421,6.452,6.522,6.536,6.54,6.547,6.593,6.618,6.647,6.648,6.717,6.742,3.682e-05,3.04e-06,2.2e-06,0.00430419,5.079e-05,1.49e-06,1.48e-05,3.76e-06,0.00042802,0.00757583,3.98e-06,0.21075032,0.00021617,5.492e-05,0.06081014,0.05117601,0.01285349,3.68e-06,2.85e-05,0.00467513,0.06570949,4.49e-06,0.15823216,0.01612076,0.10017135,0.00628967,5.595e-05,0.00029508,1.098e-05,0.00144372,0.00124352,0.07750659,0.00596204,0.00046107,0.3059478,0.01852563,0.00637882,0.00464417,0.00010382,0.0498458,0.00045631,0.00184892,0.00138904,1.963e-05,0.14311938,0.00041186,4.736e-05,1.393e-05,0.00098035,0.03843277,5228987.999998177,0.3015600442497916,1.968512320085758,0.6145408177921973,0.4498052136730528,1
7306503,7306503,O=C(c1ncc2ccccn12)N1CC2(CCNC2)C1,3.01,3.302,3.417,3.526,3.638,4.137,4.211,4.319,4.391,5.019,5.026,5.171,5.248,5.505,5.533,5.613,5.659,5.698,5.877,5.925,6.038,6.109,6.203,6.277,6.313,6.378,6.39,6.397,6.407,6.466,6.588,6.612,6.665,6.735,6.747,6.853,6.889,7.004,7.022,7.058,7.064,7.164,7.241,7.254,7.266,7.391,7.442,7.486,7.562,7.587,2.677e-05,0.00254904,0.02727572,4.722e-05,0.00050672,0.02792702,0.17119681,0.05817878,0.00026929,9.02e-06,0.00182868,0.29446707,0.00080644,0.19958279,0.02273554,0.00037444,0.00278635,0.00586737,0.00027654,0.13632821,0.00035665,0.00510493,0.03345934,0.0042322,0.0050567,0.01346767,0.07124716,0.09355015,0.00028948,0.01901874,0.05558111,0.00109156,0.00014207,0.00731337,0.00248899,0.00177899,0.00170856,0.01279136,0.00144695,1.43e-05,0.00076543,0.04095171,0.00166248,0.07288248,0.01313539,0.01581308,0.00014292,0.00507991,0.01139019,0.00685396,2060985.9999992792,4.6346209578005535,2.1325826698552204,-0.2190241945833593,0.272972666720101,3
2568816,2568816,NS(=O)(=O)c1ccc(CNC(=O)CSCC(=O)N2CCOCC2)cc1,2.731,2.963,3.11,3.186,3.333,3.418,3.563,3.724,3.788,4.001,4.177,4.179,4.433,4.481,4.58,4.589,4.713,4.778,4.872,5.003,5.009,5.034,5.062,5.08,5.159,5.217,5.235,5.285,5.38,5.448,5.465,5.475,5.489,5.515,5.549,5.611,5.648,5.676,5.734,5.837,5.838,5.879,5.948,5.956,5.976,5.995,5.996,6.009,6.071,6.166,9.698e-05,1.708e-05,0.00210657,2.5e-06,2.611e-05,4.72e-05,0.00012645,9.615e-05,7.372e-05,0.0156355,0.00279726,1.998e-05,0.0005474,0.00130254,0.00012901,8.77e-06,0.00016192,0.00311232,0.00200782,0.00082149,0.00146987,0.00013034,0.00291719,1.439e-05,0.03835659,0.00017463,3.84e-06,0.06890974,0.00216597,2.745e-05,0.00134252,0.00050878,0.00980109,0.00318898,0.00105187,2.654e-05,0.00133902,0.00397603,9.009e-05,0.00020773,0.00015271,0.00024965,0.00610649,0.00467231,0.00017563,0.01024533,0.00100612,0.00090909,0.06013829,0.00028024,-2676700.999999066,-2.8767113846302634,1.048495384082058,-0.0999509394209902,0.3627036550714483,0
742700,742700,CCn1c(C(=O)CCC(=O)NN=c2[nH]nc(C3CCC3)n2C)cc(OC)c1OC,2.784,3.562,3.697,3.76,4.037,4.054,4.093,4.584,4.603,4.767,4.768,4.79,5.26,5.31,5.337,5.36,5.474,5.49,5.526,5.66,5.764,5.789,5.876,5.93,5.945,5.978,5.989,5.993,6.015,6.143,6.192,6.195,6.212,6.29,6.333,6.437,6.462,6.476,6.525,6.584,6.616,6.631,6.652,6.668,6.677,6.684,6.695,6.768,6.846,6.878,1.817e-05,0.0145662,0.22148342,0.02251392,0.01463905,0.00395853,2.281e-05,0.00061592,0.08057871,0.00590902,8.114e-05,0.07873435,0.00011361,0.02661933,0.00848615,0.00032234,0.0003394,0.00730831,5.679e-05,0.00017269,0.00198889,0.18273639,0.00012734,0.00111899,0.03470998,0.00018253,0.00239125,0.00013625,0.00865674,1.382e-05,0.00340698,0.0101251,0.00015499,0.00023621,0.00058317,0.01323118,0.00014768,0.00063885,0.00933328,0.07043468,0.00156926,0.00578743,0.03127974,0.00755612,0.05633666,0.00532875,0.00063895,7.131e-05,0.00241182,0.11040572,-4502816.999998432,2.1965225008299045,0.7951414207496977,-0.5007082481099058,0.1763479910868944,2
8366757,8366757,NC(=O)CN1CCN(CCCNC(=O)C(=O)N(C2CCCC2)C2CC2)CC1=O,3.708,4.007,4.17,4.47,4.781,4.782,4.932,5.073,5.077,5.08,5.104,5.122,5.216,5.3,5.417,5.526,5.582,5.769,5.808,5.856,5.881,5.976,6.078,6.11,6.113,6.167,6.174,6.189,6.224,6.263,6.273,6.411,6.606,6.739,6.75,6.759,6.816,6.877,6.89,6.942,6.951,7.019,7.021,7.05,7.131,7.136,7.174,7.182,7.205,7.253,0.00018956,7.745e-05,1.238e-05,1.86e-06,1.78e-06,0.00208548,0.06277511,0.00334075,0.00114515,0.0031284,0.0005088,0.02151608,8.033e-05,0.01267016,3.8e-07,3.409e-05,0.05106525,2.375e-05,0.0002979,2.223e-05,0.00038581,0.0016743,0.00019361,3.73e-05,0.00478126,9.233e-05,4.35e-05,1.244e-05,0.00093762,0.00422096,0.00010807,0.01892434,3.266e-05,4.999e-05,0.00038638,0.00154548,0.06695294,0.14094291,0.00163278,0.00048938,0.0027929,0.00195849,0.00776732,4.518e-05,0.00641892,5.662e-05,0.00119646,0.00010872,5.643e-05,5.304e-05,3121239.99999891,4.499461479054428,-0.1550542949793373,0.3946094189391079,-0.2658677156696482,3
9405982,9405982,CC(=O)c1ccc(S(=O)(=O)NCC(=O)c2ccn3cc(C)nc3c2)cc1,2.41,2.582,2.797,2.957,3.181,3.227,3.359,3.424,3.458,3.505,3.576,3.629,3.789,3.843,3.91,3.997,4.108,4.2,4.222,4.309,4.352,4.366,4.377,4.416,4.457,4.546,4.549,4.574,4.603,4.69,4.721,4.733,4.795,4.838,4.873,4.916,4.924,4.941,5.043,5.09,5.145,5.148,5.154,5.205,5.209,5.24,5.337,5.347,5.398,5.443,0.00617121,0.00019,0.0014585,2.928e-05,6.247e-05,0.01363931,0.00079232,0.00338375,0.10794929,2.574e-05,0.00964614,0.00664108,0.00103355,0.01537714,0.000249,3.552e-05,0.00885586,0.0002271,0.0003761,0.00088449,0.00072463,0.00264486,0.00968777,0.07230511,0.00069941,3.14e-06,8.113e-05,0.00039583,0.00973568,0.00178247,0.00294145,0.00247161,0.03898316,0.00439757,0.04478169,0.00042573,0.00179833,0.04919822,0.0012205,0.23908282,0.00730764,0.00162438,0.00320391,0.00068344,0.00071414,0.02014328,0.01273353,0.000425,0.00383468,5.023e-05,4160464.9999985504,-7.285715251826483,0.5971064014752747,0.083694117404897,-0.0150024533978448,1
395075,395075,Cc1ccc(CCNC(=O)NCCCn2ccnc2)c(C)c1C,4.069,4.101,4.183,4.214,4.637,4.701,4.75,4.782,4.857,4.945,5.032,5.119,5.135,5.326,5.445,5.955,6.1,6.11,6.125,6.171,6.191,6.192,6.215,6.237,6.246,6.323,6.334,6.352,6.461,6.475,6.799,6.802,6.832,6.842,6.874,6.9,6.912,6.985,6.997,7.027,7.055,7.087,7.097,7.101,7.121,7.131,7.138,7.154,7.219,7.228,0.00026098,0.00092441,2.924e-05,1.813e-05,0.0032701,0.02423543,0.00015088,0.00124256,0.0022545,0.02050162,5.389e-05,0.00227021,0.00158549,0.00066596,9.457e-05,1.719e-05,0.31802785,0.27484873,1.909e-05,0.20708489,0.05824534,0.00470846,0.05596795,0.00077439,0.02911482,0.06409159,0.00330526,0.00323103,0.00379933,0.00014234,0.00809999,0.00813431,0.00040066,3.568e-05,0.00014165,7.589e-05,0.02058151,1.913e-05,0.01079186,0.01326028,0.00136242,0.00042863,0.00073065,0.01601488,0.00147466,0.00406616,0.00529257,1.545e-05,0.00343384,0.00125945,-4850441.999998309,5.22987303231105,0.0852541344600621,0.1569498026873195,0.7181835921683977,2
7297706,7297706,CCCn1nccc1NC(=O)CNC(C)(C)CCCN(C)C,4.697,4.809,5.11,5.393,5.525,5.843,5.909,5.953,6.217,6.659,6.815,6.835,6.986,7.054,7.082,7.097,7.22,7.273,7.487,7.527,7.542,7.595,7.657,7.678,7.763,7.803,7.855,7.931,7.979,8.007,8.015,8.063,8.148,8.2,8.214,8.227,8.273,8.334,8.375,8.444,8.539,8.636,8.663,8.683,8.71,8.742,8.803,8.823,8.919,8.945,2.01e-06,0.00037299,0.26342307,0.02273645,0.00010176,9.2e-07,3.232e-05,7.189e-05,0.08292518,0.00054559,0.0421134,0.00094222,3.12e-06,0.00021996,0.00012146,9.06e-06,0.01176274,0.12215894,0.01240065,0.01894397,0.00099862,0.00145965,0.09146895,0.0002123,0.00726717,0.00030792,0.00483301,0.00318131,0.00357373,0.00482093,0.00603329,0.0005098,0.10417007,0.00757552,0.01033263,9.467e-05,0.0004747,0.04796069,0.01666913,0.1237316,0.02483896,0.00196438,0.04083358,0.00769856,0.05609843,0.0015816,0.01691881,3.12e-06,0.004524,0.01043465,2052188.9999992745,15.188568612208964,-0.1974340214687876,-0.5485899806214248,0.1092526700035038,3
6370136,6370136,CC(F)N(Cc1cccc(OCc2ccccn2)c1)Cc1ccco1,3.503,3.704,3.711,3.892,3.912,4.093,4.138,4.504,4.513,4.581,4.605,4.687,4.708,4.717,4.783,4.888,4.976,5.168,5.258,5.266,5.304,5.321,5.361,5.411,5.473,5.491,5.57,5.632,5.654,5.673,5.69,5.771,5.789,5.858,5.908,5.912,5.914,5.974,6.034,6.038,6.062,6.104,6.111,6.134,6.136,6.15,6.234,6.248,6.285,6.326,1.64e-06,3.05e-06,7.332e-05,9.94e-06,0.00022287,2.131e-05,0.00030934,0.00512718,1.055e-05,0.00037091,0.00011419,1.87e-06,0.01798985,0.01134716,0.00079166,5.9e-07,0.00233781,0.00306919,0.00378336,0.03947364,0.01501332,2.831e-05,0.0390908,0.02872283,2.183e-05,0.00896445,0.00689063,0.00272774,0.00246695,0.00190076,0.04590667,0.00032809,9.851e-05,0.0010391,0.0239022,0.07187478,0.10657646,0.00094729,0.00020109,0.00649262,0.00105406,0.0047139,0.00156353,0.00756349,0.08571297,0.00329047,0.0128983,0.31569191,0.00428362,1.327e-05,1124618.9999996084,-0.5361649871446723,-0.3926244041857201,0.0285581969900792,0.2316773329511448,3
5974832,5974832,CC(=O)c1cn(CCCCNC(=O)c2ccc(CN3CCC(CO)CC3)cc2)nn1,3.317,3.325,3.51,3.519,3.679,3.688,3.794,3.984,4.088,4.155,4.163,4.171,4.179,4.278,4.447,4.452,4.59,4.638,4.651,4.673,4.903,4.935,4.935,4.944,4.946,4.964,5.086,5.135,5.152,5.158,5.313,5.325,5.356,5.411,5.467,5.477,5.493,5.502,5.545,5.602,5.667,5.67,5.679,5.697,5.709,5.793,5.839,5.847,5.886,5.902,0.00045103,0.00031077,0.00012577,0.00072472,6.04e-06,6.449e-05,0.00114296,0.00026884,2.49e-06,6.64e-06,0.00021458,9.297e-05,4.817e-05,3.058e-05,0.01596491,5.74e-06,0.00054166,8.53e-06,0.00047634,0.00333193,0.00046288,9.35e-06,9.57e-05,0.00028637,0.00056803,0.00926685,0.1048737,0.00140186,0.0229037,0.00530333,0.06989958,0.05039842,0.01393062,5.596e-05,0.00059361,0.00222782,0.00039694,0.00055078,0.06705722,0.00130578,0.0004822,0.00116642,0.00153826,0.00053444,3.67e-06,0.00189163,0.00043613,0.00024603,2.069e-05,0.00151535,729314.9999997467,-3.5826889349808195,-0.2067338477958581,0.3591556204352303,0.186962239255725,4
6698330,6698330,O=C(O)c1ccc(F)c2c1CN(C(=O)C1(F)CCSCC1)CC2,3.02,3.37,3.504,3.578,3.826,3.859,3.928,4.172,4.657,4.887,4.909,5.088,5.128,5.242,5.314,5.419,5.43,5.474,5.493,5.572,5.64,5.645,5.67,5.765,5.781,5.842,5.876,5.89,5.92,5.945,5.989,6.03,6.111,6.138,6.227,6.241,6.316,6.334,6.347,6.377,6.419,6.504,6.547,6.586,6.606,6.639,6.668,6.699,6.733,6.742,0.0001344,0.00062694,0.00036234,0.00019765,0.00083803,0.00526452,8.326e-05,0.0002701,0.01830555,0.01770036,0.04186211,0.00086088,0.00162976,0.00098936,0.00017159,0.12352333,0.00775646,0.00417464,0.01118065,0.00999438,0.03152317,0.11871818,0.03329946,0.00616124,0.01122188,0.00690751,0.00146341,0.15892214,0.10249553,0.00061945,0.0004553,0.01162426,0.00238969,0.00415391,0.01234998,0.03337498,0.00500274,0.01492006,0.00240964,0.00299976,0.00090782,0.00076436,0.02782337,0.08586665,0.08820634,0.0040221,0.00296483,0.00095478,0.0060016,8.28e-06,1452812.9999994936,1.4715385804553351,0.7585248096631008,-0.6611718202761485,0.1684400452283074,3
4058550,4058550,CCCCNC(=O)CN1CCCN(c2nnc(Cc3cn4ccccc4n3)n2CCC)CC1,2.909,3.198,3.65,3.757,3.886,3.916,3.937,4.163,4.206,4.433,4.452,4.469,4.657,4.665,4.767,4.945,4.985,5.171,5.279,5.316,5.397,5.44,5.457,5.467,5.587,5.61,5.659,5.672,5.706,5.736,5.742,5.749,5.777,5.81,5.849,5.853,5.873,5.938,5.961,5.981,5.991,6.038,6.107,6.117,6.171,6.196,6.245,6.246,6.279,6.286,0.00104155,1.453e-05,0.00413438,0.00234174,0.04584203,0.00021546,6.43e-06,0.00047427,1.3e-07,0.01774936,0.00306729,0.01466944,0.00059421,0.00027442,0.00026906,4.43e-06,8.13e-06,0.00063794,0.00078499,0.18351611,0.14043329,0.00236217,0.00975995,0.01087701,8.842e-05,1.952e-05,0.0876659,0.00109929,0.00010229,0.00618293,0.05698892,0.35909749,0.0129795,0.00077363,0.00246991,0.00406258,0.01425878,0.0013025,0.00701759,0.00084598,0.00419163,0.0019725,0.00151291,0.04142559,8.902e-05,8.2e-06,0.01048786,8.149e-05,0.0023894,0.00037585,-1186966.999999585,-0.7914562632315236,0.3334126652510981,-0.3464557476770896,0.4094653594140971,0
2678909,2678909,O=C(OCC1(NCn2nnc3ccccc3c2=O)CCOCC1)c1ccnn1CC(F)F,2.946,3.299,3.372,3.518,3.556,3.651,3.726,3.776,3.822,3.846,3.939,3.955,3.984,4.005,4.061,4.16,4.203,4.243,4.265,4.269,4.273,4.381,4.487,4.529,4.615,4.669,4.698,4.943,4.958,4.976,5.003,5.043,5.095,5.134,5.145,5.18,5.272,5.317,5.32,5.324,5.354,5.426,5.452,5.533,5.558,5.575,5.601,5.605,5.618,5.631,0.00038644,1.634e-05,4.196e-05,0.00544331,0.00012162,0.00028094,4.002e-05,0.00023587,0.10660181,0.00660733,0.0025202,0.00067648,5.879e-05,0.00029243,0.00159731,0.01927115,0.00010672,0.00667561,0.00294855,0.00136921,0.000297,1.692e-05,0.00173749,0.03472005,3.44e-06,0.00022718,0.01341112,0.0004112,0.00102386,0.04822717,0.0216701,0.00034136,0.00070457,3.848e-05,0.06105184,4.996e-05,0.0001828,0.00017691,0.00019092,0.00010874,0.1145449,0.11429112,0.03884471,0.00584492,0.01487928,0.00015362,0.0713276,0.02101422,0.04352153,0.16724056,-2566607.999999104,-5.480086123259553,-0.1826975994111823,0.7796539353898996,-0.2212013479117873,0
5437953,5437953,CCc1c(OC(=O)Nc2nccc3ccncc23)nnn1-c1ccc(F)c(F)c1,3.194,3.294,3.32,3.354,3.545,3.63,3.653,3.668,3.7,3.777,3.833,3.923,3.933,4.026,4.028,4.079,4.137,4.164,4.237,4.274,4.418,4.427,4.431,4.47,4.563,4.664,4.673,4.679,4.758,4.766,4.772,4.804,4.904,5.06,5.07,5.105,5.109,5.131,5.174,5.221,5.26,5.292,5.323,5.348,5.356,5.421,5.43,5.527,5.57,5.574,0.00657942,0.01526859,0.00255728,0.00184996,0.02126084,0.03053869,0.02458047,0.03219906,0.11508386,0.00075104,0.03422405,6.037e-05,0.00061142,0.00039541,0.00030486,0.0004502,0.00227879,7.696e-05,0.02056614,0.00538024,0.00084888,0.0076938,0.17141985,0.00585672,0.0056896,0.00048498,0.20360643,0.0572106,0.02083967,0.00046585,0.00408159,0.0023676,0.0002199,0.0134151,0.00846859,0.03056097,0.01996588,0.03354033,0.00110071,0.04777868,0.00355879,0.00127781,0.00800696,0.00337282,0.02528502,0.09134917,0.00325809,0.28728397,0.00072442,0.00029826,192435.9999999372,-6.116918672092176,-0.4080862544620764,0.7185109734563425,-0.0438652823225733,4
1777266,1777266,CCOc1cc(C(=O)NNc2cccc(-n3ccnn3)c2)cc(OC)c1C(C)C,3.288,3.506,3.556,3.608,3.722,3.888,3.908,4.106,4.144,4.166,4.204,4.25,4.273,4.331,4.384,4.42,4.434,4.474,4.567,4.586,4.687,4.688,4.74,4.833,4.877,4.976,4.989,5.009,5.107,5.131,5.153,5.251,5.277,5.347,5.35,5.377,5.385,5.417,5.481,5.516,5.562,5.586,5.597,5.637,5.64,5.669,5.697,5.709,5.724,5.745,0.00229478,0.00430252,0.00066275,0.0073012,8.959e-05,0.10152541,0.03407624,0.01282638,1.658e-05,0.01724068,0.04485503,0.03086033,0.00397368,0.00535255,0.05860072,0.03641939,0.00027501,0.00140625,0.0133981,0.00677067,0.13714242,0.01539474,0.00211491,0.06999806,0.13300359,0.00070869,0.0040912,0.00918174,0.04304981,0.00521548,0.00024031,0.03700094,0.06245546,3.1e-07,0.00095777,0.0088703,0.0115451,2.985e-05,0.00075657,0.20848681,0.11151913,0.05740505,0.06599497,0.00130448,0.00229459,0.00735618,0.04426489,0.02452998,0.00307598,0.01000268,-3468250.9999987893,-4.027015222731749,-0.6441979319184067,0.3964507959321215,-0.0746590239270725,2
7917404,7917404,Cc1ccc(C)c(NC(=S)NNC(=O)CCn2c(=S)[nH]c3ccccc3c2=O)c1,1.626,1.944,1.988,2.306,2.646,2.809,2.964,3.022,3.074,3.095,3.126,3.152,3.233,3.342,3.417,3.436,3.49,3.655,3.798,3.851,3.874,3.97,3.996,4.067,4.094,4.171,4.243,4.256,4.29,4.333,4.338,4.433,4.467,4.474,4.488,4.529,4.546,4.547,4.556,4.576,4.61,4.676,4.715,4.798,4.837,4.845,4.869,4.882,4.927,4.946,1.279e-05,0.00013792,1.28e-06,2.687e-05,0.00012491,6.566e-05,0.00014278,0.00079683,1.982e-05,0.0012946,1.453e-05,0.00015227,0.01095408,0.00134742,0.00215544,2.657e-05,0.00040978,0.00015665,0.00351096,3.184e-05,0.00157908,0.24753109,0.10470293,0.00462153,0.00155659,0.00130841,0.00255504,0.00035555,0.00104994,0.00118476,0.05133137,2.54e-06,0.07731353,0.04524565,0.08998209,0.00109398,0.00149638,0.00286997,0.00012026,0.00089291,0.00015264,0.00920808,0.08139946,0.00156803,4.687e-05,0.00605209,0.04950431,0.07002534,0.01242783,0.01160006,2671886.9999990715,-10.386829231509353,1.5034330064460115,-0.1101974097909968,-0.0988213801082989,3
4924404,4924404,O=C(O)C=CNc1ccc(NS(=O)(=O)Nc2cccc(C(F)(F)F)c2)cc1,2.885,2.978,3.183,3.312,3.456,3.74,3.757,3.872,3.963,4.161,4.217,4.277,4.289,4.453,4.545,4.578,4.6,4.633,4.705,4.729,4.784,4.88,4.931,4.962,5.088,5.152,5.2,5.212,5.223,5.271,5.283,5.393,5.421,5.463,5.514,5.547,5.579,5.626,5.663,5.685,5.713,5.74,5.778,5.797,5.815,5.857,5.859,5.867,5.875,5.934,0.04506337,0.00078869,0.00113728,6.2e-07,0.00119993,0.0551597,0.49666032,0.15186136,0.0066017,0.00336921,0.07311105,0.02144434,0.00935883,0.00125576,0.02248989,0.10760978,0.01506453,0.00222328,0.0088353,0.0002494,0.00017095,0.0149813,0.06849089,0.00027915,0.04523454,0.00213062,0.02456183,0.04144738,0.0012741,0.04047435,0.00998747,0.03666556,0.00481906,0.00622844,0.01987327,0.01346088,0.02956141,0.00373568,0.04662708,0.00321719,0.00677846,0.0381151,0.02342143,0.0151049,0.02560872,0.00119623,0.00076844,0.00854496,0.017464,0.06980976,-321112.99999988754,-3.3791593902389327,0.43550414506294,-0.0450859217821238,0.0380606641112767,4
8544234,8544234,CCC(C)C(=O)N1CCN(NC(=O)C(C)(C)c2ccc(F)cc2F)CC1,2.883,3.218,3.26,3.32,3.607,3.728,3.939,4.298,4.323,4.689,4.791,5.023,5.123,5.207,5.208,5.252,5.26,5.389,5.506,5.585,5.607,5.629,5.719,5.765,5.868,5.896,5.964,6.015,6.054,6.096,6.18,6.214,6.264,6.279,6.293,6.343,6.349,6.364,6.417,6.439,6.566,6.587,6.638,6.653,6.657,6.676,6.693,6.722,6.726,6.775,6.604e-05,0.00244876,0.00016815,0.00605836,0.00755964,0.03112561,0.01024344,0.00010917,0.013177,0.00121636,5.67e-05,0.03925356,0.00222543,0.00073963,1.01e-06,4.34e-06,0.00045442,9.7e-07,0.01480732,5.57e-06,0.0005421,4.078e-05,1.868e-05,3.7e-06,0.00337455,0.00100217,0.00055678,0.00506079,0.00227878,0.0002004,0.05252329,0.16506938,0.00107089,0.0228781,0.00918669,0.00297503,0.00227732,0.02896502,0.01802899,0.01502031,0.29499884,0.03050779,0.01265989,0.05962929,0.0259887,0.00885082,0.04341352,0.00056665,0.0014803,0.01047306,3298716.999998847,1.5545734310760695,1.386769212529962,-0.5820503692755397,0.3397251449966055,1
8273765,8273765,CCN=C(NCCc1cnn(CNCC)c1C)Nc1ccc(S(=O)(=O)Nc2nnc(CC)s2)cc1,3.132,3.296,3.433,3.503,3.54,3.588,3.756,3.84,3.871,4.001,4.017,4.074,4.115,4.185,4.208,4.232,4.296,4.37,4.432,4.455,4.472,4.504,4.563,4.61,4.662,4.703,4.728,4.773,4.814,4.869,4.939,4.984,5.067,5.079,5.124,5.142,5.181,5.193,5.238,5.241,5.271,5.319,5.35,5.366,5.403,5.426,5.437,5.446,5.462,5.469,0.11470801,0.02892013,0.0683987,0.00376984,0.00428042,0.09340681,0.00057572,0.0184653,0.00167382,0.00516684,0.00042121,0.15773042,0.00725352,0.00237839,0.08945546,0.00895766,0.02938907,1.989e-05,0.04878936,0.00100958,0.0122084,5.176e-05,0.12564753,0.00203099,0.03285147,0.0022006,0.00069191,7.514e-05,0.0157862,0.00083796,0.03491108,0.01949417,0.06797587,0.01254323,0.00246551,0.03419441,0.01227493,0.01104257,0.00077037,0.00383451,0.01136356,0.01713,0.0018611,0.00153181,0.00585898,0.00335826,0.00249483,0.00250558,0.01267216,0.00062128,3028247.9999989443,-5.564400488300785,-0.6256834900376242,0.2787457843634382,-0.0085985851164483,3
955355,955355,Cc1[nH]ncc1C(=O)NC1(CNC(=O)c2cnn(N(C)C)c2)CCC1,4.029,4.142,4.177,4.287,4.527,4.561,4.625,4.641,4.739,4.793,4.971,5.074,5.123,5.268,5.307,5.432,5.448,5.489,5.569,5.576,5.597,5.668,5.722,5.758,5.789,5.843,5.923,5.932,5.967,5.989,6.031,6.159,6.238,6.25,6.305,6.308,6.394,6.452,6.491,6.554,6.563,6.645,6.656,6.662,6.749,6.757,6.782,6.807,6.847,6.905,0.00021991,4.607e-05,0.00054127,0.00037304,6.073e-05,0.01596981,4.44e-06,1.281e-05,4.684e-05,0.03243727,0.00064016,0.00191534,0.01094753,0.01223605,0.00682743,3.39e-06,0.01753966,0.00055449,0.05329241,8.317e-05,0.03120908,0.04125552,0.03873122,0.00600904,0.00106572,0.0087037,0.08443983,0.00017187,0.23200682,0.00483953,0.00049803,0.00076236,0.00056898,0.00011986,9.242e-05,4.384e-05,6.219e-05,2.127e-05,0.0019082,0.12734219,0.10703804,0.00444663,0.02490253,0.0635282,0.00028301,0.0069325,0.02715952,0.00017646,0.00153682,0.00019271,-4290161.999998504,2.4761581274067432,-0.6801028854838719,0.4018632145124037,0.089709642444719,2
7470403,7470403,CCCNC(=O)Cc1ccc(OC(=O)Nc2cccc(OCC(=O)N(C)C)c2)cc1,3.831,3.845,3.91,3.954,4.12,4.23,4.262,4.342,4.421,4.431,4.461,4.474,4.527,4.556,4.566,4.622,4.631,4.664,4.725,4.732,4.831,4.864,4.905,4.922,4.944,5.001,5.044,5.051,5.068,5.119,5.164,5.191,5.271,5.367,5.43,5.466,5.493,5.499,5.538,5.581,5.779,5.786,5.817,5.838,5.871,5.895,5.9,5.927,5.938,6.023,0.01313612,0.03729995,7.311e-05,0.00292244,0.03655363,0.00450518,0.00028461,0.04873713,0.04536726,4.938e-05,0.00012033,0.02558349,0.0001639,0.00423773,0.00015874,0.00019481,0.00477602,0.01370851,0.11228426,6.554e-05,0.01341167,0.03027366,0.0227126,0.01759623,0.00036019,0.05888628,1.606e-05,0.01990178,0.00486912,0.01741723,0.02062783,0.00338089,0.00015836,0.22732217,0.08608334,0.00354169,0.02805558,0.058574,0.01224836,0.00127712,0.00491048,0.00014647,0.05626747,0.00914051,5.54e-05,0.0016906,0.0030761,0.00019768,0.00285429,0.00582046,2224885.999999225,-2.864886252910979,-1.422278229853512,0.6194705368390716,-0.3596497944853781,3
8677257,8677257,CN1C=C(CCNC(=O)c2csc(-c3cccc(C(F)(F)F)c3)n2)Cc2ccccc21,1.368,2.096,2.125,2.668,2.748,2.853,3.085,3.296,3.42,3.475,3.644,3.661,3.836,3.843,3.87,3.873,3.984,4.054,4.07,4.14,4.205,4.21,4.328,4.465,4.511,4.569,4.63,4.675,4.708,4.716,4.761,4.775,4.777,4.827,4.838,4.855,4.944,4.961,5.063,5.085,5.137,5.152,5.172,5.184,5.235,5.249,5.252,5.281,5.288,5.383,3.136e-05,1.01e-06,7.3e-07,0.00112688,0.00063362,3.15e-06,7.89e-06,1.836e-05,2.61e-06,1.978e-05,0.19513884,0.02140518,0.02906585,2.616e-05,0.14370235,0.01438216,0.01629962,1.947e-05,0.00144702,4.77e-05,0.00488438,3.059e-05,0.02192077,9.673e-05,0.08991349,0.00015838,0.00060789,1.255e-05,0.00043174,0.00716713,0.00336667,0.00078601,0.00030208,0.00012042,0.00026217,0.03677834,0.02976038,0.00037169,0.00046523,0.00612646,0.03396882,0.02352926,0.04201414,0.02705971,0.00712227,0.00060649,0.00028633,0.03009428,0.01024032,0.02706625,3431739.999998805,-7.777617338120714,1.7644583700693526,-0.5460438728848802,-0.3111831311812021,1
5918713,5918713,CC(C)N(C)c1nnc(-c2cccc(S(C)(=O)=O)c2)n1Cc1ccccc1S(=O)(=O)N(C)C,2.647,2.907,3.168,3.256,3.372,3.445,3.53,3.597,3.638,3.781,3.79,3.868,3.969,4.01,4.058,4.06,4.201,4.226,4.235,4.262,4.291,4.344,4.363,4.41,4.44,4.48,4.509,4.541,4.614,4.623,4.625,4.642,4.648,4.719,4.734,4.817,4.875,4.884,4.884,4.9,4.901,5.012,5.028,5.068,5.079,5.103,5.116,5.124,5.166,5.215,0.00713562,9.42e-05,0.00031127,0.00785402,0.0024381,2.187e-05,0.02253873,0.00529205,1.05e-05,9.014e-05,0.00617586,0.00149158,2.112e-05,7.369e-05,0.00694406,0.00744067,5.16e-06,2.716e-05,0.01234199,0.00376497,0.00278821,8.317e-05,0.0016429,0.00312516,0.00170671,6.3e-06,0.03050336,0.00275211,0.00062695,0.00019913,0.00105979,0.00114499,0.0001951,0.00335025,3.752e-05,0.00036655,0.00064722,0.00016113,0.00023132,0.00405857,0.00016011,1.925e-05,0.01110174,1.03e-06,0.00140157,0.00795352,0.00298393,0.0092952,0.00771578,2.86e-05,673195.9999997702,-7.406349165842334,-0.4840782743750134,-0.1631942374962018,-0.0895366115623495,4
7723811,7723811,CCN(CCc1ccccc1)Cc1nnc(C(=O)NC(C)C)n1Cc1ccc2c(c1)COCC2,3.483,3.578,3.72,3.844,3.856,3.896,3.938,4.081,4.214,4.253,4.287,4.369,4.391,4.446,4.474,4.502,4.52,4.552,4.595,4.649,4.688,4.699,4.723,4.73,4.768,4.794,4.805,4.844,4.872,4.911,4.928,4.946,4.978,5.01,5.071,5.082,5.158,5.197,5.211,5.218,5.224,5.248,5.287,5.302,5.328,5.391,5.491,5.53,5.569,5.579,7.18e-05,3.182e-05,0.00018602,0.00100537,0.00041234,0.00152916,0.00016942,0.00080745,3.48e-06,1.727e-05,0.0011347,0.00151512,0.00723544,0.00062781,0.00224449,0.00038413,0.00072186,0.00042214,8.62e-06,7.98e-06,7.7e-06,0.0002028,0.00422453,0.00016694,0.00128557,0.00034691,4.284e-05,2.632e-05,0.00047563,5.997e-05,0.01206407,0.02250533,0.00030606,0.00307295,0.04655332,0.20268411,2.994e-05,2.251e-05,0.00143874,0.00195578,0.00210929,0.00375229,0.01538541,0.02180515,0.06869615,0.00247139,4.41e-06,1.788e-05,0.03119542,0.00191784,2478293.999999138,-4.836737562220973,-1.5733810658251348,-0.0510377686653771,-0.0773668444909791,3
226805,226805,Cc1cc2n[nH]c(NC(=O)CCCCCNC(=O)NC3CCCCC3)c2c(=O)n1C,3.597,3.864,3.883,3.921,4.153,4.188,4.317,4.445,4.477,4.53,4.533,4.769,4.818,4.843,4.854,5.109,5.12,5.398,5.41,5.615,5.69,5.734,5.775,5.783,5.816,5.884,6.02,6.031,6.07,6.107,6.143,6.207,6.217,6.261,6.288,6.301,6.306,6.383,6.394,6.44,6.466,6.467,6.554,6.561,6.576,6.585,6.626,6.655,6.665,6.706,7.88e-06,0.00082505,0.06617641,3.3e-07,3.477e-05,4.21e-05,0.1004471,6.325e-05,8.157e-05,0.00707661,0.11125829,0.00010292,0.2435471,3.589e-05,9.923e-05,0.00154161,0.02335031,1.672e-05,2.8e-07,0.07354673,4.096e-05,1.039e-05,6.051e-05,8.24e-06,0.09627459,3.454e-05,1.6e-07,0.08354617,4.894e-05,1.89e-06,0.00257945,3.158e-05,1.61e-06,0.01995586,0.00010501,0.00161218,0.00175858,0.00131564,4.235e-05,0.09813103,0.00078381,0.00144791,0.05003609,3e-08,1.88e-06,0.00099848,0.00082552,5.21e-06,0.00020234,0.00135616,-5018711.999998249,1.6002308717295617,0.2008114876568479,0.3440590313233975,0.6550365233684483,2
8916261,8916261,Cc1cc(NNC(=O)Nc2ccccc2-n2ccnn2)ccc1CNCCNC(=O)c1nn(C)cc1C,2.807,3.076,3.263,3.276,3.575,3.673,3.733,3.733,3.795,3.951,4.047,4.105,4.143,4.187,4.201,4.226,4.243,4.255,4.265,4.36,4.422,4.474,4.506,4.549,4.554,4.555,4.574,4.6,4.641,4.701,4.722,4.723,4.759,4.782,4.815,4.825,4.837,4.84,4.891,4.896,4.923,5.011,5.031,5.036,5.054,5.096,5.102,5.131,5.183,5.217,2.97e-06,0.00766109,4.008e-05,1.935e-05,0.04810623,8.232e-05,0.00044178,9.47e-06,6.84e-06,0.00054932,0.00041444,2.151e-05,0.00029712,0.00105145,0.10932637,0.00067124,0.01488605,0.010048,2.535e-05,5.902e-05,0.00010579,0.00024517,0.00121338,0.14232932,5.205e-05,0.00209678,6.735e-05,4.6e-05,0.11681317,0.00611601,5.44e-06,0.0012005,5.71e-06,0.00116817,0.02682242,0.02116628,0.17982965,0.02245914,0.00084216,0.02003322,0.03305748,1.247e-05,3.33e-06,0.00038438,0.00091357,0.00010596,0.00212578,1.045e-05,0.18956242,0.00545188,3670743.999998721,-6.875231850328964,-0.9486948690508172,-0.4125192628395707,-0.1213167081678898,1
5966982,5966982,COc1cccc2c1CCN(c1nnc(C3CCC3)n1CCN(CCN(C)C1CCCC1)C(C)C)C2,3.288,3.482,3.606,3.81,4.055,4.238,4.258,4.441,4.62,4.82,4.873,4.979,5.017,5.095,5.152,5.189,5.277,5.29,5.358,5.399,5.756,5.807,5.876,5.913,5.945,5.978,5.991,6.006,6.011,6.019,6.054,6.08,6.142,6.152,6.176,6.204,6.218,6.229,6.28,6.297,6.328,6.376,6.383,6.404,6.414,6.49,6.493,6.529,6.557,6.6,0.00612631,0.00116717,0.00082714,3.724e-05,0.00189563,0.0012116,0.00042186,0.00020522,0.01209299,0.00316908,0.01196918,0.0036246,0.00457844,0.00332383,0.00087628,0.00049182,0.14480624,0.00192294,0.00098764,0.00332314,0.00414424,1.693e-05,0.00033389,0.00067908,0.00839443,0.04594615,0.09056406,0.10000381,0.00061194,0.1026732,0.08876424,0.0002892,0.12484848,0.01537214,0.02495046,0.01313213,0.00691163,0.015158,0.04337137,0.09847191,0.02989013,0.01350832,0.0050978,0.00088803,0.0714542,0.013922,0.000516,0.00094886,0.0044105,0.00496368,721464.9999997483,1.362176189641238,0.1603140622798805,-0.535969885739751,0.3841632407504817,4
2634400,2634400,Cc1ccc(SCCNC(=O)C(N)(F)c2ccc(C)nc2)cc1,3.813,3.934,4.011,4.015,4.02,4.221,4.321,4.388,4.432,4.577,4.638,4.655,4.683,4.865,4.893,4.904,4.93,4.944,5.021,5.055,5.108,5.121,5.164,5.197,5.288,5.325,5.418,5.446,5.452,5.463,5.529,5.692,5.777,5.805,5.812,5.881,5.95,5.983,5.988,6.003,6.15,6.177,6.194,6.224,6.288,6.376,6.403,6.415,6.421,6.436,0.01924572,0.00145068,0.00583542,0.00516321,0.01528857,0.00102777,0.01943575,0.06018672,0.00363479,6.073e-05,0.00457918,6.991e-05,0.00025012,0.00228965,0.00057275,5.522e-05,0.00069724,0.00042812,6.392e-05,0.03466377,5.764e-05,6.35e-06,0.0010143,0.00233132,0.0323428,2.968e-05,0.11042203,0.03118491,0.00055752,0.01194848,2.78e-05,0.02985689,0.00042184,0.0005643,0.01025485,0.00018006,0.00723909,0.00057341,3.329e-05,0.00925087,0.0050816,0.00101432,0.00016746,0.00618326,0.00761886,0.16003339,0.01195131,0.37199191,0.02180258,0.21875716,-2611116.9999990896,-0.625726977286674,-0.7127395453259963,0.7082685222974929,-0.1695193513880675,0
2542139,2542139,CSC(C)(C)CNC(Cc1ccccc1S(C)(=O)=O)c1sccc1O,3.112,3.486,3.502,3.514,3.855,3.886,4.056,4.177,4.207,4.377,4.405,4.441,4.757,4.823,4.864,4.992,5.077,5.113,5.2,5.233,5.274,5.31,5.349,5.422,5.45,5.486,5.51,5.545,5.591,5.605,5.627,5.681,5.7,5.746,5.793,5.812,5.862,5.898,5.951,5.967,6.026,6.031,6.048,6.097,6.123,6.132,6.137,6.168,6.229,6.241,0.00782147,0.00141154,0.01999959,0.0002382,0.00136251,0.00012736,0.00281789,5.646e-05,0.00299516,0.11727953,0.00295686,0.01344036,0.00049035,0.0057845,0.00233571,0.00849338,3.18e-05,0.01079714,0.02594497,0.00506158,0.02294359,0.01746442,0.01079302,0.00020644,0.02512435,0.01429284,0.00818926,0.00029903,0.00023714,0.001522,0.00067761,0.00130347,0.00091415,0.01340089,0.00220752,0.00075534,0.00039543,0.00120016,0.0325989,0.00177565,0.00457636,0.00427234,0.01602236,0.0062658,0.00091108,0.00253755,0.00351757,0.04155446,0.03106157,0.03486016,-2703377.999999059,-1.0800786197916066,0.1172432653432619,-0.2934861738579287,0.3611783483695316,0
7900834,7900834,CCN(CCCCN(C)C)C(=O)COC1CCNCC1,5.093,5.119,5.603,5.996,6.632,7.094,7.453,7.545,7.694,7.766,7.887,7.979,8.12,8.157,8.205,8.358,8.421,8.493,8.612,8.658,8.776,8.859,8.995,9.064,9.243,9.38,9.452,9.64,9.739,9.946,10.048,10.101,10.158,10.336,10.468,10.711,10.815,11.002,11.156,11.548,11.563,11.741,11.747,11.804,11.959,12.054,12.09,12.19,12.2,12.259,0.00046403,4.516e-05,6.338e-05,0.00381603,0.21637201,0.00951099,0.00227206,0.00485432,0.00070004,0.00165157,0.00150687,0.00022183,0.00095562,0.0014928,0.00108915,0.00220724,0.00326689,0.02872812,0.01991056,0.006971,0.00516425,0.01609089,0.01240719,0.06424386,0.01314984,0.00347718,0.00697145,0.00858208,0.00029111,0.00065955,0.00023862,0.00129743,0.01213297,0.00173303,0.01230986,0.00263814,0.00049926,0.00284605,0.00327324,0.027789,0.00361396,0.00549376,0.00534347,0.04261125,0.00196532,0.00306726,0.0246303,0.01491475,0.00853082,0.00121998,2655316.9999990533,28.959726654455935,3.0676508400107583,1.9192472464776795,-1.9937070837194613,3
6493705,6493705,Cc1cnc(-c2nnc(N(C)CCN3CCOCC3)n2Cc2cccs2)c(O)c1,2.838,2.984,3.142,3.23,3.568,3.635,3.662,3.757,3.921,3.947,3.992,4.162,4.208,4.226,4.364,4.365,4.542,4.624,4.658,4.732,4.771,4.802,4.881,4.916,4.925,4.95,4.961,4.996,5.013,5.033,5.116,5.152,5.176,5.289,5.341,5.384,5.428,5.483,5.527,5.549,5.658,5.677,5.716,5.718,5.775,5.777,5.781,5.793,5.896,5.949,0.00290213,0.05627369,0.00739087,0.03354101,0.00103021,0.0006771,0.01544547,0.00239549,0.0155444,0.02150478,0.01815991,0.01267016,0.16398788,0.00420679,0.00298723,0.00245043,0.00015628,0.00019101,0.02830779,0.00865401,0.00261131,0.00027079,0.00202594,0.03101969,0.00163278,0.00560624,0.02150354,0.00135328,0.12617923,0.00634242,0.00637408,0.00390602,0.01366436,0.04969505,0.00020833,0.0140208,0.0031956,0.0052745,0.01239539,0.00241377,0.00829708,0.0060894,8.54e-06,0.00107971,0.00025113,0.00079868,6.29e-06,0.00826104,0.00891191,0.00010636,1248187.9999995658,-4.157253248031832,0.4175090572925969,0.1262575254856369,-0.0333188154399392,3
7443173,7443173,CCCCN(Cc1ccc(C)o1)C(=S)NC1CN(c2ccncn2)C1,3.407,3.676,3.73,3.763,3.925,4.08,4.28,4.316,4.393,4.44,4.446,4.559,4.589,4.642,4.779,4.825,4.836,4.884,5.065,5.077,5.099,5.337,5.367,5.407,5.453,5.62,5.681,5.727,5.803,5.816,5.91,5.924,5.949,5.963,6.012,6.22,6.228,6.257,6.343,6.403,6.449,6.466,6.503,6.529,6.582,6.59,6.628,6.672,6.706,6.716,6.42e-06,0.00013276,0.00092449,1.59e-06,9.525e-05,8.831e-05,2.6e-05,0.00059532,4.786e-05,0.02211291,0.00072371,0.0001127,4.902e-05,4.68e-06,0.1965589,4.315e-05,0.0004677,0.02294931,0.00857329,0.00161024,0.00233406,0.04110623,0.28512797,0.00177537,0.00136368,0.09729162,0.01373298,0.0022277,0.26812073,0.00017875,2.357e-05,3.11e-06,1.27e-06,6.31e-06,4.4e-07,0.00136458,0.02454252,0.00062916,0.00273166,0.00041874,6.614e-05,4.014e-05,0.00607098,0.00662442,0.16353985,0.18573279,0.00054722,0.00063628,0.00046642,0.00073528,2197655.999999232,0.3051552832547528,0.5255579931040673,0.959004381975863,-0.075310327262674,3
9679724,9679724,N=C(OCC(=O)OCC(F)(F)F)c1ccc(NC(N)=O)cn1,3.649,4.113,4.145,4.337,4.394,4.478,4.502,4.532,4.558,4.61,4.748,4.875,4.974,4.984,5.089,5.119,5.218,5.358,5.386,5.476,5.567,5.707,5.746,5.808,5.939,5.999,6.026,6.148,6.304,6.374,6.441,6.518,6.542,6.612,6.687,6.689,6.761,6.779,6.826,6.833,6.918,6.936,6.945,7.01,7.017,7.127,7.15,7.205,7.256,7.268,6.45e-06,2.84e-06,0.00015918,0.38943094,0.0129129,0.00025135,0.0309246,0.00063027,0.00540336,0.00262559,0.00865154,0.07407826,0.00099498,0.0001446,0.00045671,0.00182784,0.00050734,0.0027678,0.00271449,0.00018303,0.00050757,0.08369969,0.00101019,1.158e-05,0.0001039,0.00112873,0.00663768,0.00827518,0.00197674,0.28315269,0.01226355,0.04277942,0.01727171,0.09446366,2.168e-05,0.00907238,0.00919118,1.998e-05,0.01339931,0.10429617,0.04576551,0.0484386,0.0029938,0.02450775,0.04758184,0.0008034,0.00156947,0.01281443,0.00163773,0.00286081,4434206.999998453,3.396503396958196,0.5379319662667327,1.2805386419294462,0.0890742217487606,1
10243145,10243145,COC(=O)c1nc(SC)ccc1OCCCCCOC(C)(C)C,3.547,3.644,3.684,4.319,4.388,4.413,4.624,4.67,4.693,4.848,5.176,5.305,5.457,5.461,5.528,5.534,5.555,5.576,5.581,5.641,5.672,5.812,5.897,5.937,5.943,6.023,6.188,6.248,6.297,6.313,6.36,6.379,6.402,6.421,6.431,6.479,6.493,6.573,6.622,6.652,6.666,6.677,6.71,6.718,6.737,6.759,6.813,6.882,6.934,6.967,7.164e-05,0.00246311,0.04007649,0.00018865,0.00573988,0.00149564,0.08185301,0.15577007,0.01255798,0.00748285,0.00062506,0.01107778,0.02086445,0.00648053,0.00539266,0.00082121,0.0034347,0.0001367,0.00014414,0.00112853,0.00142398,0.01271792,0.00246169,0.0051442,0.02206048,0.07573781,0.0819402,0.10804583,0.00180402,0.01553851,0.00770322,0.01135044,0.02622279,0.01643238,0.025441,0.01390652,0.00490612,0.00636178,0.01803161,0.01784943,3.7e-06,0.00365541,0.01010329,0.00021057,0.01031584,0.00081285,0.04111158,0.00235122,0.0285146,0.08669508,4997627.9999982575,3.1617957376876635,0.0200003092290104,-0.3350080392788018,0.0683585438110789,1
9551584,9551584,CCCN(CC1C(c2ccccc2)=CC1C)C(=O)CSc1nc2ccccc2[nH]1,3.136,3.31,3.462,3.688,3.852,3.948,3.974,4.122,4.267,4.373,4.405,4.465,4.496,4.539,4.606,4.653,4.663,4.773,4.785,4.798,4.855,4.899,4.936,4.967,5.059,5.091,5.11,5.136,5.278,5.327,5.33,5.393,5.437,5.469,5.47,5.502,5.505,5.525,5.599,5.653,5.655,5.672,5.69,5.692,5.713,5.722,5.785,5.806,5.818,5.826,5.4e-07,1.75e-05,0.00053126,0.01006602,7.89e-06,1.65e-06,8.519e-05,6.7e-07,8.014e-05,0.01002677,0.00066335,0.29600382,0.02790451,0.14535266,0.00091113,0.05061689,1.004e-05,0.00038825,3.379e-05,0.00945247,0.03701596,0.00148263,0.0050487,0.00214213,0.00097135,0.0032631,0.04125009,0.00024233,0.00055419,0.0003322,0.00192798,2.099e-05,0.00020519,0.00715634,8.51e-06,0.00015994,0.00139773,0.0110858,0.01373688,0.02392707,0.03595415,0.01867645,0.00041261,0.00907418,0.00244997,0.00020987,0.00238712,0.00882769,0.03894718,0.00827336,4306066.999998499,-3.118038843412497,-0.5335125933862127,-0.1471698691901198,-0.095471607749083,1
6045394,6045394,Cc1nnc(N(CCc2ccccc2)C(C)C2CCC2)n1CCN1CCC(C)CC1,3.42,3.457,3.699,3.735,4.181,4.217,4.641,4.678,5.017,5.054,5.192,5.213,5.234,5.318,5.481,5.552,5.571,5.609,5.698,5.735,5.846,5.87,5.884,5.938,5.974,6.0,6.051,6.087,6.102,6.109,6.143,6.195,6.232,6.269,6.308,6.413,6.455,6.536,6.557,6.57,6.594,6.616,6.666,6.708,6.745,6.773,6.782,6.81,6.812,6.847,0.00045048,0.0004482,6.32e-05,4.341e-05,2.387e-05,4.79e-06,0.00012726,0.00080505,2.169e-05,4.827e-05,0.00064438,0.00145742,0.00013826,0.04213604,0.02490694,0.02349702,0.00224305,0.00124819,6.715e-05,5.086e-05,0.00016215,0.01894498,0.00103746,8.275e-05,2.927e-05,0.01012827,0.00023814,0.00025893,0.01362617,0.02842586,0.00180378,0.00014216,3.322e-05,0.00115893,0.00136859,0.03165742,0.07506874,0.05661344,0.14390133,0.10011323,0.02916292,0.06441652,0.15639919,0.03206577,0.05381695,0.00073367,0.00106527,0.00185376,0.00573997,0.00521171,799876.9999997189,2.7430866773062945,0.1664837053855649,-0.6890388936090865,-0.0379048994140244,4
7462290,7462290,CCCN(CC(=O)NCc1ccccc1OCO)C1(CC)CCC1,3.003,3.338,3.667,4.002,4.048,4.383,4.545,4.903,4.979,4.986,5.385,5.411,5.535,5.559,5.658,5.722,5.736,5.811,5.858,5.896,5.983,6.074,6.113,6.135,6.147,6.15,6.259,6.303,6.333,6.388,6.449,6.455,6.484,6.502,6.589,6.597,6.653,6.669,6.686,6.723,6.735,6.787,6.841,6.878,6.931,6.997,7.013,7.028,7.039,7.056,0.00491282,0.00303252,0.00224841,0.00110732,0.00065881,0.00093745,0.00536558,0.00585246,0.02805244,0.00025857,0.00010717,0.04022896,0.0006801,0.00032034,0.00117481,7.93e-06,3.254e-05,0.00099174,0.05040656,0.00040243,0.00051936,1.371e-05,0.00609658,0.0390424,0.00190193,0.00358799,0.00200442,0.0266451,0.02468591,0.17787258,0.0027335,0.00413155,0.00013865,0.00460201,0.17978517,0.03232065,0.0580619,0.02124863,0.00390325,0.04690075,0.00153114,0.1099164,0.0067364,0.00299528,0.0160238,0.03938523,0.07797583,0.07479729,0.00222531,0.01515823,2216772.9999992256,3.922209406363809,0.6110104187929762,-1.0157259992103254,-0.1000022699397797,3
8908812,8908812,CCN1CCN(Cc2ccc(S(=O)(=O)C(C)(C)C)nc2)c2ccccc21,2.067,2.366,3.071,3.37,3.669,3.958,4.156,4.364,4.524,4.548,4.564,4.658,4.689,4.812,4.849,4.858,4.89,4.986,5.003,5.097,5.133,5.15,5.25,5.275,5.323,5.336,5.539,5.574,5.6,5.686,5.74,5.747,5.763,5.776,5.986,6.026,6.03,6.04,6.06,6.136,6.166,6.204,6.232,6.319,6.324,6.338,6.348,6.447,6.458,6.47,0.00203437,0.00218649,0.00192338,0.00149729,0.00330189,0.00119978,0.0635953,0.00959651,0.03770158,0.09849093,0.03701294,0.00170355,0.00011037,0.0004737,0.00050205,0.00038466,0.04138251,0.00019195,0.00497007,0.01135601,0.00447777,0.00199403,0.00719032,0.00443048,0.00691373,0.04529825,0.02442691,0.02802936,0.04673455,0.00127445,0.03758352,0.10498118,0.00274566,0.14274114,0.00104365,0.00587673,0.0070348,0.00126614,0.00352699,0.00058818,0.00308616,0.00021073,0.00027306,0.00184506,0.0031326,0.00434829,0.00372336,0.00962025,0.04261063,0.00674949,3663294.999998721,-0.8859047534515005,1.3554240547441765,-0.6361510739666325,-0.9074217173446468,1
7018825,7018825,COc1ncnc(OC)c1CSCC(=O)N1CCC(C)(C)NS(=O)(=O)CC1,3.951,4.32,4.441,4.468,4.688,4.704,4.813,4.892,4.945,4.978,5.091,5.187,5.198,5.233,5.419,5.552,5.575,5.582,5.612,5.662,5.681,5.724,5.844,5.986,5.998,6.017,6.042,6.067,6.073,6.103,6.122,6.146,6.159,6.227,6.296,6.335,6.477,6.493,6.53,6.581,6.588,6.598,6.616,6.667,6.703,6.708,6.724,6.758,6.776,6.848,0.00573239,0.00013208,0.00055155,0.00730607,0.00169555,3.476e-05,1.464e-05,0.08531218,0.00638483,0.0020248,0.0017725,6.426e-05,5.13e-06,0.00020863,0.00097859,0.00057208,0.00028479,0.00083325,0.00405422,0.00851932,2.5e-05,0.00099892,2.512e-05,3.839e-05,1.102e-05,0.36981899,0.00732684,0.00084141,0.01997659,0.0212208,0.00274856,0.02614193,0.0758625,0.00854957,0.03078275,8.1e-07,0.00021092,8.3e-07,0.02767978,0.00882043,0.00051182,0.00346641,0.00142229,0.03615186,0.01208707,0.00292739,0.05687444,0.04057701,0.09886266,1.739e-05,1773307.9999993795,2.936037445191692,-1.128229487598147,0.1439367670061475,0.0930561581100986,3
1516584,1516584,CCOC(C)(CCNC)Cn1c(Cc2ccncc2)nnc1N(CC)Cc1nc2ccccc2c(=O)[nH]1,2.962,2.999,3.416,3.457,3.517,3.567,3.608,3.741,3.826,3.867,3.901,3.924,3.942,3.965,3.966,4.117,4.202,4.216,4.231,4.331,4.353,4.378,4.457,4.477,4.515,4.551,4.556,4.562,4.566,4.591,4.607,4.611,4.655,4.685,4.69,4.695,4.712,4.793,4.834,4.889,4.952,4.973,5.097,5.125,5.142,5.165,5.196,5.215,5.237,5.267,0.00356808,0.00206463,3.218e-05,0.00010198,0.00500616,3.484e-05,1.868e-05,0.0005031,0.00010898,0.00016616,0.0005239,0.00051115,0.00071982,0.00019619,0.00035323,1.568e-05,1.65e-06,0.09119229,0.03835134,0.00215253,3.887e-05,0.00220449,0.00034497,0.00033924,0.00011192,0.0010174,7.92e-05,0.00010544,0.00030468,2.611e-05,5.772e-05,8.277e-05,0.0026844,0.00032693,4.443e-05,0.00027743,1.992e-05,0.00336384,0.00023435,0.01937555,0.01025657,0.00348011,0.00027045,0.00187406,5.461e-05,0.00178761,0.00037562,0.00485165,1.826e-05,0.05159963,-3728932.999998696,-7.164140592085523,-0.9208712528789382,0.0044917043800175,-0.1363833288876256,2
4024504,4024504,Cc1ccc(N2CCOC2=O)cc1NC(=NC1CC1)Nc1ccc2[nH]ccc2c1,3.207,3.508,3.585,3.846,3.934,4.001,4.106,4.207,4.236,4.326,4.38,4.404,4.576,4.628,4.674,4.693,4.734,4.749,4.77,4.797,4.902,4.904,5.012,5.135,5.183,5.242,5.258,5.345,5.419,5.473,5.561,5.625,5.629,5.66,5.712,5.73,5.742,5.78,5.792,5.82,5.844,5.865,5.882,5.936,5.98,6.007,6.018,6.035,6.069,6.105,0.00847857,0.00303892,0.00888473,0.01699957,0.00168675,0.00052457,0.04718609,0.0143652,0.00155796,0.03615698,0.07428892,0.05208463,0.08624426,0.13782763,0.03319022,0.00287768,0.01543298,0.00231344,0.01776434,0.00621549,0.11688837,0.05936518,0.43061709,0.00367769,0.14577922,0.00730873,0.02963128,0.00228175,0.00347489,0.02129967,0.0813917,0.00813169,0.00084561,0.14037133,0.10043268,0.01066137,0.01622211,0.0119606,0.0382332,0.00757993,0.00040708,0.00221336,0.00277599,0.03888069,0.04993072,0.00500639,0.00276873,0.0330446,0.00745447,0.06464793,-1221012.9999995742,-2.112785308150085,-0.2967912239688566,0.3045604773761929,-0.0794213141589936,0
160315,160315,Cc1ccc(CCC2=NC(CCN(C)S(=O)(=O)N(C)C)=N2)cc1F,2.779,3.042,3.134,3.262,3.395,3.909,3.97,4.01,4.349,4.367,4.39,4.406,4.48,4.743,4.745,4.752,4.783,4.876,4.96,4.967,4.972,5.026,5.185,5.291,5.358,5.384,5.396,5.406,5.492,5.501,5.54,5.559,5.608,5.643,5.701,5.836,5.894,5.968,5.996,6.004,6.053,6.076,6.103,6.142,6.153,6.167,6.191,6.235,6.243,6.262,2.002e-05,0.00057904,0.00026888,0.00099815,0.00079119,0.00436447,0.00079638,3.775e-05,0.00011203,0.00042792,0.00097553,5.338e-05,1.053e-05,0.00034339,4.875e-05,0.00164219,0.00010056,8.03e-06,0.01692999,0.0206863,0.00585167,0.0005143,0.00340363,0.0195944,0.01979758,0.00118094,0.00285012,0.03276882,0.01509562,0.00077442,6.961e-05,0.00056218,2.502e-05,0.01500016,0.00135015,0.00643386,0.00015806,0.00065147,0.09210553,0.00028465,0.00525403,0.00047129,0.01069854,0.00020861,0.00148705,0.02049395,0.00016354,0.02046065,0.00202993,0.00319774,-5085201.999998228,-1.7144041959567278,0.8398033827100516,-0.1380124863968101,-0.1662949840913425,2
1018678,1018678,CC=C(N)NCc1cc(N(C)C)ccc1NC(=O)c1cc(CCC)[nH]n1,2.546,2.942,3.248,3.553,3.71,3.8,4.02,4.102,4.204,4.549,4.716,4.753,4.917,4.943,4.985,5.072,5.183,5.199,5.27,5.431,5.558,5.596,5.686,5.687,5.77,5.823,5.91,5.976,6.019,6.037,6.091,6.162,6.176,6.186,6.217,6.278,6.303,6.307,6.354,6.367,6.427,6.507,6.518,6.541,6.672,6.698,6.766,6.79,6.83,6.855,0.00051852,0.00247994,0.1711572,0.00048792,0.00019173,0.03826856,0.0014449,7.067e-05,0.1163376,0.00154699,6.638e-05,0.1867787,0.01082836,0.00820283,0.13025588,0.01433416,5.184e-05,0.01721431,0.00815976,0.00820683,0.01217418,0.16880567,0.00057834,0.02788077,0.00132107,0.00130302,0.00214437,0.05648371,0.24187334,0.05512604,0.02644249,0.0003226,0.01504129,0.07937894,0.00613711,0.04580228,0.01363379,0.00533284,0.06466145,0.00066247,0.38669576,0.12747174,0.05780365,0.08606056,0.00242344,0.00236431,0.01006451,0.02792521,0.00115189,0.00350096,-4226838.999998524,1.045729019785082,1.6316275443332724,-0.3286741364878435,0.080316853961046,2
10429963,10429963,O=C(CSc1nc2ccccc2[nH]1)Nc1nc(-c2ccccc2)cs1,3.312,3.774,3.793,3.944,4.056,4.161,4.292,4.303,4.338,4.416,4.448,4.475,4.488,4.547,4.564,4.625,4.687,4.699,4.703,4.754,4.895,4.934,4.963,5.008,5.034,5.035,5.043,5.178,5.199,5.245,5.249,5.337,5.345,5.374,5.377,5.396,5.407,5.435,5.448,5.46,5.462,5.464,5.552,5.577,5.613,5.654,5.672,5.696,5.725,5.733,0.00017291,0.00251807,0.00642133,0.09523469,0.00087635,0.05616851,0.00517865,0.00220179,0.00024203,0.00030794,0.00613029,0.01263823,0.16358985,0.03676226,0.06032336,0.02459851,0.04163578,0.18077385,0.23229953,0.00719107,0.00447796,0.04273636,6.224e-05,0.00023394,0.00151796,0.00216373,8.844e-05,0.01594281,0.01659064,7.48e-06,0.00028048,0.0062684,0.02909221,0.00590097,0.00502443,0.00347676,0.00224089,8.752e-05,0.00773156,0.00139456,0.01023013,0.00923194,0.0014817,0.00055588,0.06223286,0.00016538,0.10612589,0.04276064,0.00118548,0.03889149,5184445.999998192,-3.291841425626514,-1.409087505958234,-0.0519952138560324,-0.101645070630816,1
3119297,3119297,COc1ccc(Oc2ncccc2CNC(=O)c2csc(-c3cn(C)n3C)n2)cc1,2.905,2.953,3.28,3.433,3.454,3.482,3.49,3.575,3.643,3.726,3.788,3.864,3.931,3.985,4.026,4.03,4.054,4.077,4.102,4.126,4.251,4.26,4.273,4.277,4.459,4.487,4.517,4.588,4.615,4.619,4.645,4.73,4.788,4.798,4.812,4.865,4.896,4.953,4.972,4.984,5.008,5.042,5.049,5.107,5.124,5.135,5.178,5.196,5.212,5.22,0.00021106,4.584e-05,0.00260815,0.02775123,0.10798152,0.00180257,0.00963777,0.00390352,0.00028645,0.00297168,0.08777319,0.0062802,0.02389749,0.00927858,0.00145551,0.00104951,0.00250931,0.09105519,0.05863571,0.0546821,0.00017704,0.01180757,0.0032989,0.00269423,2.424e-05,0.00368792,0.00907937,0.00183178,0.00054007,0.00870921,0.07493508,0.00774523,0.00428418,0.00943888,0.05893954,0.00230423,0.00134698,0.0002354,0.0545416,0.00025199,0.00299162,0.06142708,0.04779823,0.00125957,0.04607553,0.02190718,0.01266134,0.00042545,0.08082854,0.00173493,-2126219.999999256,-7.298782954047878,-0.5573094023237817,0.2847553727502082,-0.0963088952823762,0
6271711,6271711,CCc1nc(-c2ccccc2)c(NS(=O)(=O)Cc2ccc(COC)cc2C)s1,3.418,3.654,3.702,3.748,3.895,4.061,4.086,4.185,4.275,4.299,4.351,4.432,4.488,4.492,4.556,4.672,4.697,4.766,4.785,4.791,4.81,4.919,4.94,5.019,5.042,5.053,5.066,5.085,5.091,5.178,5.202,5.22,5.223,5.239,5.247,5.282,5.302,5.324,5.394,5.404,5.419,5.428,5.448,5.472,5.519,5.53,5.544,5.592,5.633,5.655,0.22064181,0.0032836,0.08611714,0.00033995,0.01103768,0.00183228,0.00120461,0.06417084,0.00205627,0.08723634,0.00254948,0.00307679,0.00202421,0.00254411,0.00026677,0.05176986,0.00294798,5.953e-05,0.01427862,0.00010896,0.02901697,0.00057862,0.00230946,0.00312452,0.00265094,0.01715532,0.0004909,0.00065803,0.00033081,7.107e-05,0.00237785,0.00241013,0.00752411,0.0165616,0.00204195,0.00944794,0.03569082,0.01722801,0.01370906,0.00253557,7.818e-05,0.00300498,0.00093484,0.00024111,0.00328111,0.00177943,0.00067539,0.00392805,0.00163266,0.00053609,1026193.9999996428,-3.752446720671194,-1.3522898070493117,-0.2420362094751071,0.1515461273404351,3
7891697,7891697,CNC(=NCCN1CCOCC1)NCCc1ccc(C(=O)N(C)C2CCOCC2)cc1,2.466,2.715,3.048,3.294,3.413,3.519,3.626,3.662,3.746,3.868,3.875,3.981,4.029,4.124,4.148,4.227,4.486,4.778,4.949,5.027,5.063,5.066,5.203,5.204,5.252,5.388,5.433,5.514,5.579,5.615,5.638,5.653,5.662,5.797,5.828,5.835,5.863,5.896,5.903,5.935,5.963,5.999,6.045,6.072,6.085,6.127,6.139,6.189,6.213,6.248,0.00013565,3.5e-07,0.00321531,1.913e-05,0.00017229,0.00710508,0.00028077,4e-07,0.00064172,1.85e-06,9.83e-06,0.00656003,0.01029169,5.9e-07,0.00018876,0.00014229,3.15e-05,6.448e-05,0.00491328,6.83e-06,0.00061713,0.0003767,0.01094595,0.00347555,0.19481651,5.767e-05,2.309e-05,0.00507239,1.599e-05,0.00039973,0.00013379,0.00236636,0.00182906,8.782e-05,2.487e-05,0.00385188,0.00046035,1.52e-06,0.00060165,0.00467014,0.01669423,0.0005663,0.00170149,0.01908085,0.00746773,0.05118547,0.00101753,0.00617464,0.0001913,0.00773642,2646179.999999078,-2.483346872170962,1.762437123392545,0.39424407615507,0.4666790273680225,3
2922479,2922479,CC(=O)Nc1ccc(Oc2ccc(C(=O)N3CC(n4cc(C(N)=O)nn4)C3)cc2)cc1,3.342,3.432,3.607,3.683,3.731,3.747,3.822,3.835,3.881,3.907,3.924,3.986,4.095,4.172,4.234,4.261,4.296,4.33,4.369,4.37,4.397,4.399,4.46,4.51,4.55,4.596,4.599,4.635,4.706,4.712,4.719,4.766,4.771,4.792,4.823,4.857,4.881,4.89,4.909,4.912,4.967,4.984,5.032,5.1,5.145,5.205,5.209,5.224,5.241,5.254,1.014e-05,4e-07,3.4e-07,0.09074397,0.00435857,0.00053705,0.0002598,0.00032755,3.4e-07,2.258e-05,7.62e-06,0.00020632,0.00051669,5.609e-05,0.02651846,0.00355093,0.00113746,2.39e-06,0.004998,3.001e-05,0.00205164,1.3e-06,0.00053213,0.13131875,0.35234984,1.404e-05,0.0049484,3.504e-05,0.00100598,0.0046843,0.00029699,0.00173498,0.01323696,1.309e-05,2e-08,6.933e-05,0.01624041,0.00057193,0.00010205,0.0419865,1.819e-05,0.00023224,1.345e-05,0.13523917,0.01395152,0.01756648,0.0014148,0.00035369,2.833e-05,6.96e-06,-2323037.9999991874,-6.5367925180126045,-1.4989109323993384,0.1259503161907669,0.0609823064592419,0
4181287,4181287,COC(=O)c1ccc(S(=O)(=O)Nc2n[nH]c(C)c2-c2cccc(N3CCCC3)c2)c(OC)c1F,1.904,2.153,2.804,2.925,3.129,3.223,3.415,3.752,3.79,3.821,3.99,4.036,4.057,4.17,4.24,4.294,4.324,4.425,4.434,4.479,4.525,4.558,4.604,4.654,4.704,4.732,4.757,4.766,4.871,4.9,4.922,5.006,5.009,5.049,5.057,5.067,5.117,5.225,5.257,5.322,5.326,5.33,5.371,5.39,5.411,5.432,5.445,5.48,5.49,5.511,2.125e-05,0.01803207,0.00131962,3.6e-06,0.00021853,0.00289344,0.00140065,0.00148283,0.05339417,0.00080815,0.00046943,0.0005037,0.00165185,0.03939528,4.69e-06,0.0065116,0.05353705,0.0012318,0.00031767,0.00953545,0.00782143,0.00370294,0.00309926,0.01579218,0.0030919,0.00245363,0.00221571,0.00017674,0.01129428,0.00471666,0.00624704,0.0008805,0.014938,0.16639546,0.00091262,0.07987121,0.05760977,0.03318111,0.00256214,0.02117184,0.00043988,0.00139862,0.05433065,0.00067059,0.0014299,0.04423277,0.00308395,0.00876303,0.00028971,0.02207701,-1064229.9999996289,-5.989940517640328,0.9864612161821,-0.7276546280185793,-0.3708457090232979,4
5579732,5579732,CCOc1ccc(NC(=O)CN2c3ccccc3CCC2(C)C)cc1OCC,3.391,3.628,4.069,4.139,4.215,4.452,4.538,4.616,4.708,4.779,4.792,4.83,4.878,5.012,5.036,5.123,5.146,5.212,5.299,5.417,5.449,5.536,5.589,5.658,5.695,5.871,5.89,5.912,6.005,6.022,6.079,6.097,6.111,6.161,6.217,6.218,6.247,6.267,6.286,6.314,6.322,6.421,6.441,6.445,6.489,6.494,6.552,6.584,6.641,6.656,0.0072969,0.002792,0.03039446,0.17032689,0.00247362,0.0841044,0.01837792,0.02478149,0.14396867,0.00083969,0.00475398,0.01120402,0.00760046,0.00658431,0.00120559,0.00545633,0.02837447,0.07421455,0.00034708,0.0714018,0.18630829,0.03732854,0.06865491,0.00141081,0.00803542,0.00026656,0.00703666,0.02135012,0.00968262,0.01321925,0.01223593,0.12003143,0.04312437,0.26170423,0.00459591,0.00844251,0.00051001,0.00440153,0.000906,0.02078813,0.00739891,0.00241203,0.00097871,0.03936416,0.03180277,0.00808638,0.00173578,0.05826869,0.01710456,0.08256025,334214.9999998824,1.3108388423498354,-0.2431226275910321,0.1223137791706498,-0.0194116700099554,4
7773041,7773041,O=C(NCc1cc(=O)[nH][nH]1)Nc1ccc(-c2ncn(C(F)(F)F)n2)cc1,2.642,2.782,3.198,3.338,3.564,3.704,3.731,4.056,4.228,4.484,4.582,4.611,4.666,4.677,4.735,4.775,4.819,4.855,4.903,4.977,5.136,5.2,5.279,5.366,5.397,5.459,5.585,5.616,5.703,5.718,5.747,5.747,5.757,5.819,5.824,5.887,5.911,5.947,5.981,6.062,6.073,6.078,6.091,6.145,6.147,6.214,6.27,6.303,6.348,6.352,0.00021858,0.0004541,1.04e-06,5.13e-06,0.00015375,9.192e-05,0.00046757,0.00197289,0.56729298,0.02038234,0.06955375,5.89e-06,0.0052961,0.01323806,0.08844809,0.07631269,0.0027379,0.00436577,0.00014885,5.817e-05,0.00020889,0.00077091,0.02597311,0.00208095,0.03713332,3.228e-05,0.0031229,0.00462948,0.00942199,0.00574067,8.63e-05,0.00066949,0.00772593,0.02799943,5.55e-06,0.00023115,0.01845581,0.01971423,5.387e-05,0.07544111,0.06907291,0.00306354,0.00388912,0.01536247,0.00123756,0.42237256,0.00031422,0.0004,0.06521022,0.00519382,2527523.999999118,-1.2806174877865022,1.0901899555872712,-0.3433040154398453,-0.0557364287831064,3
3791749,3791749,Cc1ccc(COCC(=O)Nc2[nH]nnc2C(=O)NC2CCCC2)o1,3.693,4.05,4.241,4.364,4.512,4.525,4.598,4.777,5.041,5.061,5.079,5.1,5.106,5.163,5.214,5.264,5.346,5.347,5.603,5.634,5.692,5.696,5.894,5.916,5.939,5.988,5.989,6.019,6.078,6.128,6.152,6.241,6.332,6.365,6.38,6.476,6.502,6.504,6.516,6.568,6.573,6.604,6.653,6.672,6.689,6.697,6.717,6.793,6.804,6.81,0.00051433,0.00068167,0.00013997,0.00553805,0.00396735,3.986e-05,0.00012087,0.32055589,0.00639156,0.00047751,0.01456616,0.00087938,0.00477258,0.00160685,0.04875821,0.001514,0.00016109,0.0021758,0.03467741,9.027e-05,0.19295818,0.00221626,0.00080141,0.06576834,0.0057001,0.00160277,0.02031814,0.01636906,0.00039648,0.06485165,0.03345975,0.00055573,0.00042136,0.0016381,0.00341878,0.00076738,0.00458029,4.581e-05,0.00693786,0.00021435,0.00316706,0.0554047,0.00037621,7.93e-05,0.0120997,0.01664246,0.00125725,0.00153902,3.064e-05,5.484e-05,-1453767.999999493,2.712938787477927,-0.5846658872409254,0.1800688623568254,0.015713780773267,0
4717503,4717503,CC(C)(C)C(=O)c1ccc(S(=O)(=O)NCc2cccc(NNC(=O)c3ccncc3)c2)cc1,2.938,2.942,2.981,2.999,3.308,3.329,3.442,3.5,3.653,3.687,3.705,3.737,3.947,3.975,3.997,4.033,4.044,4.096,4.117,4.187,4.198,4.237,4.265,4.339,4.387,4.427,4.461,4.473,4.481,4.519,4.557,4.575,4.636,4.69,4.718,4.731,4.742,4.786,4.799,4.818,4.828,4.833,4.866,4.874,4.881,4.902,4.915,4.94,4.942,4.949,0.00016979,2.367e-05,0.00051288,0.02820242,0.00023596,1.6e-06,4.998e-05,0.00657076,0.00045857,0.00014712,0.00098617,3.6e-06,0.00016551,7.9e-07,8.559e-05,0.00555216,3.28e-06,0.00012338,5.467e-05,3.337e-05,1.36e-05,6e-07,0.01032022,0.00087197,0.00994806,0.01045484,0.00157528,0.00057634,9.653e-05,0.00028287,0.00021281,3.09e-06,1.639e-05,2.6e-06,0.00105008,0.00015175,3.86e-06,0.00012534,0.04368047,0.00014653,0.00119058,0.00061816,0.00196097,0.00763882,0.00797444,0.02365973,0.04327045,0.00646716,0.00402435,0.12706627,-528013.9999998114,-8.11512701514451,-0.6384386405553373,-0.1808982345642752,0.1861835692431229,4
7035613,7035613,O=C1SC(=CC2CCN(c3ccccn3)CC2)C(=O)N1c1cccc(C(F)(F)F)c1,2.129,2.839,2.893,3.014,3.366,3.603,3.725,3.793,3.83,3.871,4.025,4.043,4.133,4.16,4.186,4.251,4.32,4.398,4.473,4.557,4.578,4.643,4.679,4.705,4.707,4.779,4.791,4.855,4.896,4.912,4.95,4.968,5.004,5.017,5.038,5.1,5.142,5.227,5.271,5.33,5.402,5.408,5.427,5.456,5.459,5.507,5.554,5.58,5.585,5.611,7.116e-05,0.00082737,1.473e-05,4.977e-05,0.00017714,1.5e-07,2.3e-06,0.00014689,0.01125843,0.01122631,0.03249159,0.1910065,0.0025193,0.02463104,1.707e-05,0.00048025,0.02306075,6.176e-05,0.07532195,1.218e-05,0.00035324,0.00534047,4.695e-05,0.00837803,0.00402813,0.00638149,4.082e-05,0.00974994,3.084e-05,9.694e-05,0.00884798,0.18832646,0.09159246,0.06278332,0.05336897,0.00011179,0.05783713,0.00448692,0.00036103,0.00064043,0.0001421,0.01516352,0.00711136,0.00144148,0.00359038,5.618e-05,0.00986058,0.00117081,0.00045402,0.00815038,1790095.9999993758,-5.55449162342838,0.4646256785041995,-0.3614162122983032,-0.389255264541212,3
2745209,2745209,O=CSC(NCCCNC(=O)c1ccccc1)C(=O)N1CCOCC1,3.234,3.326,3.639,3.938,3.943,3.944,4.09,4.098,4.138,4.233,4.255,4.395,4.504,4.533,4.561,4.638,4.643,4.703,4.743,4.878,4.915,4.972,5.038,5.04,5.062,5.068,5.074,5.171,5.223,5.317,5.337,5.387,5.433,5.48,5.492,5.595,5.655,5.765,5.771,5.788,5.867,5.869,5.915,5.961,5.971,6.023,6.059,6.079,6.164,6.202,0.00026393,4.219e-05,0.00024192,0.0002406,0.00161827,0.00157572,0.00904488,0.00222521,0.00664156,0.00336951,0.00076155,2.885e-05,0.00034712,4.108e-05,0.00090022,0.00974612,0.00035584,0.00117793,0.00021673,6.472e-05,2.484e-05,0.00031815,0.00169737,0.00026134,0.00089156,0.00045168,0.00564502,0.04013401,0.00642399,0.11386538,0.00617018,0.00032742,0.02134694,0.00025694,0.00054158,0.00010557,0.00016965,0.0011658,0.00049212,0.00495793,0.00051966,0.00131865,0.0009913,0.00106333,0.00156158,0.00279371,0.01176115,0.01593496,0.03686384,0.01256256,-2500307.9999991264,-2.518885308920133,-0.2696375833994384,0.4687810711326535,-0.2635994235050999,0
120260,120260,Cc1ccc(CC(=O)NOCc2nnc(C3CC3)s2)c(F)c1,3.185,3.426,3.55,3.752,3.89,4.1,4.39,4.467,4.758,4.849,4.867,4.916,4.964,5.01,5.077,5.127,5.154,5.238,5.266,5.345,5.371,5.374,5.45,5.48,5.564,5.608,5.634,5.656,5.746,5.758,5.797,5.897,5.98,6.023,6.058,6.121,6.149,6.156,6.191,6.201,6.264,6.288,6.321,6.354,6.418,6.426,6.457,6.463,6.49,6.51,0.0002585,0.00299168,0.01952094,0.01634799,0.01154538,0.00241193,6.565e-05,0.00105292,0.00020094,0.00115331,0.00113274,0.00015397,0.00077453,0.02454086,0.14606746,0.00105209,0.00268486,0.00067194,0.00015626,0.00179844,0.00188801,0.00313319,0.02698182,0.021112,0.00092047,0.00293554,0.00011511,0.00026591,0.00098087,0.00043699,0.00096399,0.00011988,0.00824345,0.00040564,0.00029226,0.00012396,0.00063527,0.00010942,0.00055634,0.00170016,0.00394449,0.16902782,0.08026812,0.09085679,0.00425062,0.00238603,0.03476531,0.03730638,0.08712123,0.22017288,-5125256.999998212,0.435524152855569,0.0641288936612045,-0.329265947794894,-0.2683578005007458,2
8424734,8424734,Cc1ccc(CSCCNCc2cccc(Cn3c(O)c4n(c3=O)CCCC4)c2)nn1,2.438,2.704,2.769,2.901,3.278,3.462,3.549,3.61,3.675,3.727,3.741,3.794,3.888,3.926,3.953,4.052,4.14,4.15,4.22,4.357,4.616,4.835,4.837,4.898,4.903,4.948,4.97,4.988,5.016,5.08,5.13,5.154,5.159,5.19,5.234,5.297,5.365,5.379,5.381,5.43,5.446,5.486,5.511,5.555,5.561,5.596,5.674,5.737,5.74,5.808,4.3e-07,0.00067543,2.503e-05,1.41e-06,4.181e-05,5.96e-06,0.00382072,3.461e-05,7.319e-05,2.188e-05,2.687e-05,3.9e-06,0.00028977,0.00017614,0.00123347,0.01551992,0.00235227,0.00036838,0.00192893,0.0033896,8.395e-05,0.00012987,0.0008224,0.00104647,1.548e-05,0.0071642,0.00021467,0.00138845,0.01759212,0.00021852,0.00239781,0.0005589,1.57e-06,0.00030881,0.00018488,6.725e-05,6.884e-05,0.16800552,0.00120714,0.00347472,2.409e-05,0.07904099,0.03249132,0.00508073,0.01052446,0.0091915,0.00046413,0.00078613,0.00017822,0.00393156,3179216.999998891,-5.30695580851149,1.112459628499444,0.2767117598740242,0.0844862668968707,1
1915273,1915273,CON(C)N1C(=O)C(=O)N(CN2CCC(C3CCOCC3)CC2)C1=O,2.585,2.614,2.755,3.401,3.71,3.779,3.805,4.208,4.252,4.498,4.637,4.684,4.823,4.963,4.971,5.178,5.395,5.553,5.637,5.694,5.717,5.745,5.747,5.888,5.974,6.141,6.17,6.239,6.297,6.313,6.358,6.439,6.496,6.536,6.62,6.821,6.846,6.866,6.913,6.938,6.957,6.964,7.076,7.135,7.164,7.263,7.313,7.343,7.346,7.362,0.00014606,4.141e-05,0.00025399,4.546e-05,0.00042878,0.00033115,4.36e-06,0.0011925,0.00039249,0.00657073,0.00959966,0.00037374,0.00490673,0.00265918,0.14587834,0.00658961,0.00112426,0.00019565,0.00178546,0.00459823,0.00057451,0.00195828,0.00172664,0.00024361,0.00096165,0.00058058,0.0001906,3.31e-06,0.00399822,0.00017812,0.00425476,0.01102009,0.00416019,0.00054606,0.0024026,0.00075801,0.00369963,0.00622591,0.0007522,5.041e-05,0.00056497,0.00394993,0.00451786,0.03752535,0.00257485,0.00108818,0.00282444,0.00399877,0.02178351,6.258e-05,-3330243.999998837,2.945519384834929,3.0150546985062,0.1074680030440338,0.0371411961162975,2
1974287,1974287,CC(C)Nc1nn(OCCN(CCc2ccccc2)Cc2ccncc2)c(=S)n1C1CC1,2.807,2.869,2.98,3.042,3.274,3.309,3.336,3.371,3.806,3.977,4.054,4.28,4.333,4.41,4.461,4.475,4.567,4.582,4.644,4.647,4.816,4.831,4.877,4.891,4.912,4.941,4.976,4.989,5.064,5.142,5.238,5.284,5.366,5.395,5.555,5.579,5.598,5.615,5.647,5.652,5.659,5.681,5.701,5.811,5.828,5.847,5.855,5.887,5.912,5.925,1.068e-05,2.143e-05,5.7e-07,1.2e-07,2.2e-07,3.681e-05,6e-08,8e-08,0.00074514,0.00042929,1.467e-05,0.00045689,0.0175733,2.134e-05,3.564e-05,7.08e-05,0.0313929,8.1e-07,0.00031898,1.95e-06,0.00019098,0.2553332,5.3e-07,4.851e-05,1.943e-05,4.4e-07,1.91e-06,0.00020309,1.205e-05,0.00463139,0.00224104,0.00209786,0.00632072,0.00017396,0.00153539,0.01507125,0.00346897,0.00187316,0.00077484,0.00053272,5.377e-05,4.14e-05,0.00032982,0.00487574,0.00019131,0.0005437,0.0003897,0.00031273,0.05767897,0.00410025,-3271229.9999988573,-3.97747363056289,0.9931679496252424,0.0341044737665102,0.2320404410230096,2
6278573,6278573,O=C(CN1CCC=C(N2CCCCC2)C1)N(Cc1ccccc1F)CC1CC1,2.359,2.749,2.898,3.287,3.383,3.77,3.772,4.157,4.323,4.694,4.867,5.036,5.085,5.151,5.299,5.346,5.349,5.402,5.509,5.589,5.612,5.636,5.692,5.696,5.707,5.741,5.793,5.834,5.954,5.975,6.002,6.018,6.048,6.081,6.084,6.222,6.288,6.32,6.337,6.34,6.399,6.437,6.449,6.459,6.461,6.483,6.524,6.619,6.648,6.66,1.294e-05,9.6e-07,0.00196768,0.00166447,0.00158152,0.00068607,0.00256715,0.00125288,0.00020046,1.179e-05,0.00065695,0.03743818,0.00022683,0.00074436,0.00046896,0.00026037,0.00010869,0.00014415,0.01217933,0.00062918,8.114e-05,0.00112303,0.00170246,0.00168754,0.31909139,0.00097616,0.00017827,0.00045328,0.00116428,0.00107839,0.00041925,0.0005083,4.971e-05,9.924e-05,0.00039774,0.00280734,2.708e-05,0.02276532,0.01577606,0.00011222,0.0078213,0.00795005,0.04076744,0.13961455,0.14808519,0.11174456,0.12660384,0.0215495,0.03451352,0.00315042,1033055.9999996396,0.7997640007390204,1.651161125038364,-1.255758430444544,0.0651228171971986,3
10403526,10403526,C=CCOCCCC(=O)N1CCC(OC2CCC(F)CC2)CC1,4.519,4.716,4.898,5.281,5.323,5.49,6.009,6.075,6.359,6.569,6.678,6.719,6.732,6.779,6.789,6.81,7.03,7.07,7.16,7.242,7.292,7.373,7.431,7.473,7.478,7.512,7.579,7.605,7.72,7.812,7.863,7.876,8.039,8.062,8.08,8.094,8.199,8.201,8.232,8.27,8.283,8.329,8.405,8.466,8.525,8.558,8.614,8.715,8.814,8.868,0.00016704,0.00581399,9.06e-06,8.3e-07,0.00029158,0.00048624,0.00672272,0.00031295,1.04e-06,6.07e-06,0.00012598,0.04052011,0.17276965,0.08436056,0.00011466,0.0442035,0.00028033,0.0091023,0.00125151,0.10597174,0.01983731,0.00292743,0.00264221,0.00728313,0.00044444,0.07849477,0.00114291,0.0021534,0.01640362,0.01396516,0.0047485,0.00072673,0.0002815,0.0153447,0.00228462,0.0051262,0.00311981,0.0037566,0.00012696,0.00112601,0.00221188,0.00045572,1.41e-06,0.00774077,6.696e-05,0.02582458,0.01888582,0.02636245,0.00025574,0.00210662,5158008.9999982,13.906222379097644,-0.1599832968061875,-0.4013559344848896,-0.2441152456181653,1
10489883,10489883,CCn1nc(C)c(=O)c(C(=O)OCC(=O)N(C)C2CCC(C)CC2)c1C,2.84,3.058,3.16,3.378,3.481,3.748,3.804,3.909,4.074,4.682,4.803,4.809,4.92,5.022,5.084,5.126,5.38,5.427,5.429,5.498,5.515,5.582,5.592,5.704,5.75,5.752,5.837,5.841,5.905,5.915,5.935,5.997,6.103,6.212,6.239,6.244,6.286,6.295,6.336,6.426,6.488,6.562,6.563,6.594,6.617,6.66,6.707,6.753,6.79,6.832,0.00071767,0.0020731,0.00020062,0.00032488,9.514e-05,0.00974726,9.83e-06,0.08450322,0.00260186,0.13509254,0.00316129,0.01436333,0.00837576,0.00014303,0.0007057,0.00500858,0.00028426,0.00084483,0.00024451,0.00134991,5.789e-05,3.552e-05,0.00403326,0.00049157,0.00718678,0.00257206,0.00035915,0.02721212,6.074e-05,0.00772054,0.00538964,0.06206388,0.00011612,0.14811619,0.03126982,0.01080177,0.08747739,0.0310356,0.02951111,0.00049866,0.27058298,0.00147128,0.02134858,0.08232668,0.00218855,0.00370781,0.03801803,0.01820175,0.01539101,0.04611304,5244365.999998173,0.9605410760969644,1.5921928506855283,-0.4129448286239484,0.2933908767181154,1
8697922,8697922,CC(C)(C)OC(=O)CSCC(=O)Nc1c(F)cccc1N1CCCC1n1cccn1,3.752,3.815,4.1,4.134,4.333,4.398,4.59,4.674,4.697,4.703,4.745,4.776,4.782,4.914,4.929,4.954,4.962,5.04,5.049,5.093,5.286,5.321,5.34,5.357,5.39,5.464,5.525,5.624,5.684,5.697,5.717,5.724,5.812,5.853,5.882,5.897,5.9,5.921,5.941,6.018,6.08,6.111,6.122,6.131,6.134,6.158,6.225,6.226,6.246,6.289,0.00018731,0.00830618,0.00027514,0.00621965,0.04461616,0.04480585,0.01622698,0.0583326,0.01063161,0.00155457,0.08612068,0.00015236,3.446e-05,0.00018227,0.00251288,4.525e-05,0.00171015,0.00025214,0.000791,0.00076685,0.00154783,0.0024371,0.00147148,0.0982633,0.00052632,4.95e-06,2.051e-05,2.308e-05,0.0173887,0.03063296,0.00010804,2.009e-05,1.387e-05,0.00245823,0.13214363,0.00020892,0.02094668,0.00150981,0.05102833,0.00752319,0.09679042,0.00014716,0.00037487,0.00040552,0.00187651,0.00129209,0.00108214,0.00122758,0.00745494,0.00017853,3452404.9999987944,-0.3083423956925741,-1.165300606306523,0.2026052093697255,-0.1338752903740164,1
6809151,6809151,O=C(C1C=NC(=S)N1c1ccccc1)N1CCC(Cc2cccc(C3CC3)c2)CC1,2.023,2.914,2.956,3.082,3.277,3.319,3.525,3.657,3.848,3.876,3.91,3.917,3.964,4.148,4.164,4.175,4.21,4.244,4.334,4.451,4.487,4.515,4.519,4.556,4.594,4.654,4.695,4.722,4.727,4.786,4.815,4.825,4.87,4.9,4.947,4.958,4.981,5.011,5.013,5.032,5.062,5.07,5.114,5.168,5.202,5.222,5.33,5.335,5.361,5.425,0.00039757,0.12622179,0.00020337,0.00098451,0.03336073,2.849e-05,0.00592026,0.0002706,0.0002361,7e-08,0.00052304,0.0576023,0.00764859,0.00869775,0.04783936,0.05786889,1.642e-05,0.00047737,3.966e-05,1.981e-05,0.0026297,0.00018518,1.168e-05,0.00050388,0.00041761,0.00162288,0.00043999,0.00532705,0.00452221,0.00053089,5.35e-06,0.02541268,0.0189331,0.00137003,0.00532578,0.00019647,0.00368024,0.00227126,8.715e-05,0.00462715,0.00185535,0.00111025,0.00721871,0.00056984,0.00039169,0.00576235,0.04298635,0.08195261,0.01743784,0.01307066,1563633.9999994566,-6.642713573593546,0.167121464981386,-0.5281573660432067,-0.2156742388505815,3
1708788,1708788,Cc1ccc(C(F)(F)F)c(NC(=O)NCC2(CS(=O)(=O)CN)CC2)c1,3.802,4.217,4.321,4.431,4.861,4.93,5.027,5.347,5.374,5.701,5.741,5.747,5.789,5.829,5.967,6.008,6.131,6.162,6.208,6.217,6.331,6.354,6.367,6.419,6.448,6.556,6.611,6.628,6.681,6.787,6.801,6.931,6.963,6.971,7.081,7.18,7.232,7.303,7.308,7.34,7.369,7.424,7.451,7.48,7.492,7.576,7.593,7.612,7.627,7.696,7.556e-05,0.00033957,0.00328728,0.04371237,0.01539457,2.435e-05,0.20603379,0.00014578,1.3e-06,0.0109853,0.02469964,6.571e-05,0.01119592,0.60340561,0.01205612,0.00103673,0.00233576,1.974e-05,0.00311372,0.00381209,0.00143836,0.0218526,0.00808874,0.00093763,0.09345355,0.00045202,0.03048176,0.00249237,0.06169727,0.00190843,0.01898722,0.00260721,0.00273104,0.00019013,0.01339067,0.01093169,0.04176366,0.00075558,0.00236029,0.00020747,0.00039415,0.00887259,0.00514144,0.00165635,0.003118,0.00107078,0.0061312,0.05493018,0.0001146,0.11591917,-3536728.999998768,7.268071655451131,-0.0195383925808621,-0.1291073596047278,-0.3132038255598409,2
8440826,8440826,O=C(CNCC1(N2CCSCC2)CC1)Nc1nnc(-c2ccco2)o1,3.351,3.911,4.074,4.119,4.194,4.571,4.634,4.896,4.918,4.933,5.24,5.291,5.328,5.419,5.531,5.544,5.619,5.656,5.743,5.851,5.896,5.902,5.93,5.976,6.052,6.069,6.134,6.142,6.15,6.158,6.267,6.269,6.399,6.459,6.53,6.536,6.595,6.62,6.651,6.672,6.74,6.819,6.836,6.872,6.874,6.876,6.895,6.978,6.996,7.007,6.39e-06,1.361e-05,0.00559198,0.45517908,0.00024159,0.07138091,3.11e-06,0.00011869,1.752e-05,0.00072951,0.06136037,4.446e-05,4.703e-05,1.85e-05,0.02054684,7.107e-05,0.0004484,0.00469647,0.03368779,1.708e-05,0.0536902,0.00191769,0.00159883,6.96e-05,5.746e-05,1.448e-05,5.374e-05,7.232e-05,0.00023598,0.01444874,4.299e-05,0.00139717,0.0218614,0.00084521,2.525e-05,3.62e-06,8.8e-07,0.00049687,0.01717812,0.0973879,8.487e-05,4.081e-05,0.00011598,0.00072893,4.113e-05,6.22e-05,1.19e-06,3.867e-05,4.93e-05,0.01606571,3195308.999998883,3.509244409114444,-0.0290595248509589,-0.3154722641237995,-0.0809631131997636,1
9932801,9932801,CN=C(NCCc1nccnc1C)NCc1cccc(Oc2ccccc2F)c1,3.011,3.311,3.44,3.499,3.542,3.626,3.673,3.807,3.885,3.923,3.93,3.98,4.028,4.072,4.098,4.122,4.197,4.289,4.295,4.299,4.349,4.367,4.374,4.499,4.513,4.541,4.6,4.607,4.671,4.7,4.718,4.816,4.861,4.873,4.896,4.958,4.99,5.074,5.091,5.119,5.127,5.202,5.206,5.24,5.283,5.337,5.385,5.458,5.459,5.478,0.00322158,0.00074981,0.00606742,1.353e-05,0.00692107,0.00030745,0.00027946,0.00017383,0.00743099,1.878e-05,0.00057358,3.047e-05,0.0043269,0.01456787,0.00142992,0.00010609,0.00015318,0.00462523,4.601e-05,0.0035119,0.00057057,0.00729694,0.01468353,0.02315826,0.00463769,0.00031801,0.00279233,0.00937184,0.00238791,0.00082818,0.00284746,0.05622365,0.00220241,0.00148753,0.00186171,0.00744952,0.00932601,0.01553108,0.08257475,0.00150045,0.00446353,0.00199523,0.0013071,0.02575678,9.605e-05,0.00541199,0.0064412,0.0132604,0.01232948,0.01390023,4687283.999998366,-6.345604471316486,-0.7599338142372691,0.386743182190104,-0.2570040946775556,1
